experiment,replicate,seed_reservoir,seed_drive,seed_probe,rho,leak_rate,input_scale,sigma_u,input_amplitude,input_drive_std,n_units,density,n_steps,washout,window,n_pairs,d_initial,d_tail,converged,decay_rate_per_step,lyapunov_per_step,lyapunov_per_time,tau_1e,tau_censored,tau_integrated,wall_time_s
2A_decay,0,0,1,3,0.5,1.0,1.0,0.0,0.0,0.0,200,0.1,3000,200,200,10,0.33219632345309513,0.0,1,-0.7465992931009098,-0.6937274488641167,-0.6937274488641167,1.5274314249988423,1.5274314249988423,1.9992415590529728,0.34036066592670977
2A_decay,0,0,1,3,0.8,1.0,1.0,0.0,0.0,0.0,200,0.1,3000,200,200,10,0.4904671716712286,0.0,1,-0.23235771918668596,-0.22372381961839571,-0.22372381961839571,4.508020598403941,4.508020598403941,4.99737222230856,0.3325887080281973
2A_decay,0,0,1,3,0.95,1.0,1.0,0.0,0.0,0.0,200,0.1,3000,200,200,10,0.5568398499551425,1.7184868146044464e-66,1,-0.05147169067620476,-0.05187356269174279,-0.05187356269174279,19.4942478861996,19.4942478861996,19.93295685191559,0.33279087487608194
2A_decay,0,0,1,3,1.2,1.0,1.0,0.0,0.0,0.0,200,0.1,3000,200,200,10,0.6509192081967499,0.7351707544360406,0,8.281130534226746e-06,-0.0005578672443587939,-0.0005578672443587939,0.34360501305459507,0.34360501305459507,1.0,0.3324170829728246
2A_decay,0,0,1,3,1.5,1.0,1.0,0.0,0.0,0.0,200,0.1,3000,200,200,10,0.7412191652863538,0.9442118702994546,0,2.204090624432048e-05,0.03012383661164452,0.03012383661164452,0.6057791401756835,0.6057791401756835,1.0,0.3302097499836236
2A_decay,1,0,1,3,0.5,1.0,1.0,0.0,0.0,0.0,200,0.1,3000,200,200,10,0.3210026755846333,0.0,1,-0.7318317694439828,-0.6939023731199442,-0.6939023731199442,0.7530189461342028,0.7530189461342028,1.160551587614502,0.33087574993260205
2A_decay,1,0,1,3,0.8,1.0,1.0,0.0,0.0,0.0,200,0.1,3000,200,200,10,0.4720894196225172,0.0,1,-0.23487056546062812,-0.22389874387420816,-0.22389874387420816,0.8414255051021902,0.8414255051021902,1.2487504181944322,0.33323458302766085
2A_decay,1,0,1,3,0.95,1.0,1.0,0.0,0.0,0.0,200,0.1,3000,200,200,10,0.534636318598647,3.755317233730987e-66,1,-0.05151889587923309,-0.05204848694755692,-0.05204848694755692,0.8835969917114405,0.8835969917114405,1.284605352034748,0.3323333750013262
2A_decay,1,0,1,3,1.2,1.0,1.0,0.0,0.0,0.0,200,0.1,3000,200,200,10,0.6222983545159751,0.79491420921504,0,9.261064805364647e-06,-0.0016072433097199456,-0.0016072433097199456,0.8387934922174789,0.8387934922174789,1.2463931054621677,0.33254670817404985
2A_decay,1,0,1,3,1.5,1.0,1.0,0.0,0.0,0.0,200,0.1,3000,200,200,10,0.7053586786916974,0.9691734017316727,0,-7.898430829170895e-06,0.0399475180792816,0.0399475180792816,0.694257795588643,0.694257795588643,1.0895016766897097,0.33424691716209054
2A_decay,2,0,1,3,0.5,1.0,1.0,0.0,0.0,0.0,200,0.1,3000,200,200,10,0.32157983072912777,0.0,1,-0.7286347477929264,-0.6938424565346435,-0.6938424565346435,1.5287853444515158,1.5287853444515158,2.0002907938107986,0.3338504999410361
2A_decay,2,0,1,3,0.8,1.0,1.0,0.0,0.0,0.0,200,0.1,3000,200,200,10,0.47459184173505425,0.0,1,-0.2289719343636271,-0.22383882728892218,-0.22383882728892218,4.512346114368455,4.512346114368455,5.0003099070954455,0.3301909591536969
2A_decay,2,0,1,3,0.95,1.0,1.0,0.0,0.0,0.0,200,0.1,3000,200,200,10,0.5390137029384608,3.2577749865463544e-66,1,-0.051415398324015836,-0.05198857036232853,-0.05198857036232853,19.497763293665635,19.497763293665635,19.93714735915711,0.33155187498778105
2A_decay,2,0,1,3,1.2,1.0,1.0,0.0,0.0,0.0,200,0.1,3000,200,200,10,0.6309749911711001,0.8867036539942094,0,1.079148949510777e-05,-0.06402854655012354,-0.06402854655012354,2.1408114348359226,2.1408114348359226,2.240272992698678,0.33374566584825516
2A_decay,2,0,1,3,1.5,1.0,1.0,0.0,0.0,0.0,200,0.1,3000,200,200,10,0.7203131869195677,1.2260429831587345,0,1.935728046686997e-05,-0.021028639219527533,-0.021028639219527533,0.3288331896554627,0.3288331896554627,0.9999999999999903,0.3342207500245422
2B_timescale,0,0,1,3,0.9,0.1,1.0,0.5,0.8660254037844386,0.5032738437221543,200,0.1,3000,200,200,10,0.6940562380752767,1.1721454792223614e-17,1,-0.01685688283971947,-0.01719246235261308,-0.01719246235261308,14.016261132226012,14.016261132226012,12.892141194928723,0.33389137499034405
2B_timescale,0,0,1,3,0.9,0.2,1.0,0.5,0.8660254037844386,0.5032738437221543,200,0.1,3000,200,200,10,0.6345905916967844,1.5359038185691302e-17,1,-0.03471205976813377,-0.03466980172503363,-0.03466980172503363,6.619468535643543,6.619468535643543,7.15177570975787,0.3359066671691835
2B_timescale,0,0,1,3,0.9,0.3,1.0,0.5,0.8660254037844386,0.5032738437221543,200,0.1,3000,200,200,10,0.5707987668348734,1.720749604406767e-17,1,-0.05597237428344762,-0.05318675641421517,-0.05318675641421517,4.002923747556766,4.002923747556766,4.735700447098887,0.3345734591130167
2B_timescale,0,0,1,3,0.9,0.5,1.0,0.5,0.8660254037844386,0.5032738437221543,200,0.1,3000,200,200,10,0.4654494618419834,2.2858272120583878e-17,1,-0.09094880033734014,-0.09383835368728671,-0.09383835368728671,2.1154994347198017,2.1154994347198017,2.5328314036282302,0.3323343340307474
2B_timescale,0,0,1,3,0.9,0.7,1.0,0.5,0.8660254037844386,0.5032738437221543,200,0.1,3000,200,200,10,0.4166156366579895,3.642043698092271e-17,1,-0.13506064937343878,-0.14081401233120563,-0.14081401233120563,1.2866200300814792,1.2866200300814792,1.6764334153277172,0.33343991613946855
2B_timescale,0,0,1,3,0.9,1.0,1.0,0.5,0.8660254037844386,0.5032738437221543,200,0.1,3000,200,200,10,0.4961416884482763,6.467075202747585e-17,1,-0.2434938178937026,-0.23409969444830392,-0.23409969444830392,0.6746475360312202,0.6746475360312202,1.0630358445431194,0.3339037080295384
2B_timescale,1,0,1,3,0.9,0.1,1.0,0.5,0.8660254037844386,0.5015719236678187,200,0.1,3000,200,200,10,0.7066514456182613,1.4575524120172366e-17,1,-0.022377717769032437,-0.022124503297689616,-0.022124503297689616,14.326811342147119,14.326811342147119,17.32876070339048,0.3324200001079589
2B_timescale,1,0,1,3,0.9,0.2,1.0,0.5,0.8660254037844386,0.5015719236678187,200,0.1,3000,200,200,10,0.6358245282759739,1.629330533469854e-17,1,-0.04464421103432508,-0.04462211256772332,-0.04462211256772332,6.734919976143582,6.734919976143582,7.735666332323922,0.33046791702508926
2B_timescale,1,0,1,3,0.9,0.3,1.0,0.5,0.8660254037844386,0.5015719236678187,200,0.1,3000,200,200,10,0.5716281640821061,2.0533307293739085e-17,1,-0.06842860259975307,-0.06807293923038522,-0.06807293923038522,3.791389063508629,3.791389063508629,4.587443893489802,0.33220425015315413
2B_timescale,1,0,1,3,0.9,0.5,1.0,0.5,0.8660254037844386,0.5015719236678187,200,0.1,3000,200,200,10,0.47374961588954667,2.6566189053342855e-17,1,-0.11583413244856865,-0.11823627569913067,-0.11823627569913067,1.957038648401304,1.957038648401304,2.7044791439848304,0.33102225000038743
2B_timescale,1,0,1,3,0.9,0.7,1.0,0.5,0.8660254037844386,0.5015719236678187,200,0.1,3000,200,200,10,0.43862978392400515,3.9870619776993996e-17,1,-0.1656224328194088,-0.17497656872454959,-0.17497656872454959,1.1225857226385687,1.1225857226385687,1.6949062870754863,0.32956137508153915
2B_timescale,1,0,1,3,0.9,1.0,1.0,0.5,0.8660254037844386,0.5015719236678187,200,0.1,3000,200,200,10,0.5172950568341472,7.075034700030683e-17,1,-0.24487810396529627,-0.2587376417658038,-0.2587376417658038,0.620743093067793,0.620743093067793,1.0,0.33196645812131464
2B_timescale,2,0,1,3,0.9,0.1,1.0,0.5,0.8660254037844386,0.49414743180378756,200,0.1,3000,200,200,10,0.6671971399140391,9.558433565014648e-18,1,-0.01580107790528984,-0.01644094907305575,-0.01644094907305575,11.823539624294359,11.823539624294359,14.733259197990748,0.3291185409761965
2B_timescale,2,0,1,3,0.9,0.2,1.0,0.5,0.8660254037844386,0.49414743180378756,200,0.1,3000,200,200,10,0.6031019067992776,1.3207273298188837e-17,1,-0.03296340244592008,-0.0327972541410071,-0.0327972541410071,5.537983557261932,5.537983557261932,5.947257589259848,0.33276016591116786
2B_timescale,2,0,1,3,0.9,0.3,1.0,0.5,0.8660254037844386,0.49414743180378756,200,0.1,3000,200,200,10,0.5458782929820597,1.7133970072543807e-17,1,-0.05003633374206155,-0.04992331866974973,-0.04992331866974973,3.342625572185373,3.342625572185373,4.0085654903950285,0.3340930000413209
2B_timescale,2,0,1,3,0.9,0.5,1.0,0.5,0.8660254037844386,0.49414743180378756,200,0.1,3000,200,200,10,0.4595314574219941,2.2723097870418534e-17,1,-0.08833056114082952,-0.08724841974717829,-0.08724841974717829,1.7204781528208697,1.7204781528208697,2.2142319866736973,0.3332599170971662
2B_timescale,2,0,1,3,0.9,0.7,1.0,0.5,0.8660254037844386,0.49414743180378756,200,0.1,3000,200,200,10,0.4291206809549378,3.6632686891710256e-17,1,-0.13049625859769626,-0.1312434447623931,-0.1312434447623931,0.9238428355806326,0.9238428355806326,1.4571961660942006,0.3323399580549449
2B_timescale,2,0,1,3,0.9,1.0,1.0,0.5,0.8660254037844386,0.49414743180378756,200,0.1,3000,200,200,10,0.4960729101087617,6.944009361085138e-17,1,-0.22993088424147365,-0.23545853393822927,-0.23545853393822927,0.5485379930057641,0.5485379930057641,1.0,0.3332053339108825
2C_esp_map,0,0,1,3,0.4,1.0,1.0,0.0,0.0,0.0,200,0.1,3000,200,200,10,0.27164813879523864,0.0,1,-0.9871032429170632,-0.9168710001783267,-0.9168710001783267,1.1315780125025041,1.1315780125025041,1.6660265348295322,0.33189916680566967
2C_esp_map,0,0,1,3,0.4,1.0,1.0,0.05,0.08660254037844387,0.05032738437221543,200,0.1,3000,200,200,10,0.2711220518122132,1.3121533497015894e-18,1,-0.9876395751577365,-0.9178028205176623,-0.9178028205176623,0.6321464697085536,0.6321464697085536,1.0074090294498814,0.33240929106250405
2C_esp_map,0,0,1,3,0.4,1.0,1.0,0.1,0.17320508075688773,0.10065476874443086,200,0.1,3000,200,200,10,0.2698999931124566,2.6992048266058875e-18,1,-0.9895117791366566,-0.9205752275318357,-0.9205752275318357,0.63209500955104,0.63209500955104,1.0,0.3326326669193804
2C_esp_map,0,0,1,3,0.4,1.0,1.0,0.2,0.34641016151377546,0.2013095374888617,200,0.1,3000,200,200,10,0.2654811605252764,5.162152240423303e-18,1,-0.9970885509462596,-0.9313326920532279,-0.9313326920532279,0.6318915226990429,0.6318915226990429,0.9999999999999999,0.3340432080440223
2C_esp_map,0,0,1,3,0.4,1.0,1.0,0.5,0.8660254037844386,0.5032738437221543,200,0.1,3000,200,200,10,0.24080412902535453,0.0,1,-1.0437734145091664,-0.9947756584988123,-0.9947756584988123,0.6305602566223775,0.6305602566223775,1.0,0.32945904205553234
2C_esp_map,0,0,1,3,0.4,1.0,1.0,1.0,1.7320508075688772,1.0065476874443087,200,0.1,3000,200,200,10,0.19423444276159132,0.0,1,-1.151486585099244,-1.138564917111799,-1.138564917111799,0.6263728009290953,0.6263728009290953,0.9999999999999999,0.3316365838982165
2C_esp_map,0,0,1,3,0.4,1.0,1.0,2.0,3.4641016151377544,2.0130953748886173,200,0.1,3000,200,200,10,0.1420118519242023,0.0,1,-1.3863829816210362,-1.3960200289624092,-1.3960200289624092,0.618202852291795,0.618202852291795,1.0,0.33226125012151897
2C_esp_map,0,0,1,3,0.5,1.0,1.0,0.0,0.0,0.0,200,0.1,3000,200,200,10,0.33219632345309513,0.0,1,-0.7465992931009098,-0.6937274488641167,-0.6937274488641167,1.5274314249988423,1.5274314249988423,1.9992415590529728,0.32931420812383294
2C_esp_map,0,0,1,3,0.5,1.0,1.0,0.05,0.08660254037844387,0.05032738437221543,200,0.1,3000,200,200,10,0.3316179037496202,2.4376946736141868e-18,1,-0.7627807262429032,-0.6947304654329558,-0.6947304654329558,0.6365303580442196,0.6365303580442196,1.006927869440841,0.333465457893908
2C_esp_map,0,0,1,3,0.5,1.0,1.0,0.1,0.17320508075688773,0.10065476874443086,200,0.1,3000,200,200,10,0.3302588438858585,4.7946742766345236e-18,1,-0.7218639586191538,-0.697710379079085,-0.697710379079085,0.636476189101805,0.636476189101805,1.0068433514840422,0.33186287502758205
2C_esp_map,0,0,1,3,0.5,1.0,1.0,0.2,0.34641016151377546,0.2013095374888617,200,0.1,3000,200,200,10,0.3253020129795362,8.734120143523122e-18,1,-0.7618399688075613,-0.7092155636561228,-0.7092155636561228,0.6362757433155904,0.6362757433155904,1.0065477029140204,0.33113950002007186
2C_esp_map,0,0,1,3,0.5,1.0,1.0,0.5,0.8660254037844386,0.5032738437221543,200,0.1,3000,200,200,10,0.29693256181228816,1.8263261503548423e-17,1,-0.8095335972931318,-0.7756980214387336,-0.7756980214387336,0.6352103836294146,0.6352103836294146,1.006089640839319,0.33853612490929663
2C_esp_map,0,0,1,3,0.5,1.0,1.0,1.0,1.7320508075688772,1.0065476874443087,200,0.1,3000,200,200,10,0.2410506846894164,0.0,1,-0.9149201083629189,-0.9222765388809209,-0.9222765388809209,0.6309641837125631,0.6309641837125631,1.0000000000000002,0.3352568750269711
2C_esp_map,0,0,1,3,0.5,1.0,1.0,2.0,3.4641016151377544,2.0130953748886173,200,0.1,3000,200,200,10,0.17689767996842973,0.0,1,-1.1219357059639539,-1.1811622569404374,-1.1811622569404374,0.6216137042539492,0.6216137042539492,1.0000000000000002,0.33183395909145474
2C_esp_map,0,0,1,3,0.6,1.0,1.0,0.0,0.0,0.0,200,0.1,3000,200,200,10,0.38887474743371425,0.0,1,-0.5475076607300655,-0.511405892070198,-0.511405892070198,1.967566164529901,1.967566164529901,2.4990701178490444,0.3310287920758128
2C_esp_map,0,0,1,3,0.6,1.0,1.0,0.05,0.08660254037844387,0.05032738437221543,200,0.1,3000,200,200,10,0.388291653058951,3.492810187613409e-18,1,-0.5276130219511909,-0.5125249762544716,-0.5125249762544716,0.6435380904661372,0.6435380904661372,1.017741811722923,0.33429129095748067
2C_esp_map,0,0,1,3,0.6,1.0,1.0,0.1,0.17320508075688773,0.10065476874443086,200,0.1,3000,200,200,10,0.38687599692164976,6.808650719961911e-18,1,-0.540098567504319,-0.5158405741799694,-0.5158405741799694,0.6433925846921393,0.6433925846921393,1.0175196701543823,0.33437691698782146
2C_esp_map,0,0,1,3,0.6,1.0,1.0,0.2,0.34641016151377546,0.2013095374888617,200,0.1,3000,200,200,10,0.3816324520069345,1.3475965369244443e-17,1,-0.5632156281746468,-0.5285249197290162,-0.5285249197290162,0.6428689115189449,0.6428689115189449,1.0167193536626176,0.33363824989646673
2C_esp_map,0,0,1,3,0.6,1.0,1.0,0.5,0.8660254037844386,0.5032738437221543,200,0.1,3000,200,200,10,0.3507437566694819,2.6424770127151125e-17,1,-0.6004473703642049,-0.5994043443376147,-0.5994043443376147,0.6406301705590107,0.6406301705590107,1.0132831891495646,0.3319817918818444
2C_esp_map,0,0,1,3,0.6,1.0,1.0,1.0,1.7320508075688772,1.0065476874443087,200,0.1,3000,200,200,10,0.2868392511989246,3.1663274816504145e-17,1,-0.7270768110183271,-0.749601924139957,-0.749601924139957,0.6353778671051312,0.6353778671051312,1.005608315463601,0.3320422919932753
2C_esp_map,0,0,1,3,0.6,1.0,1.0,2.0,3.4641016151377544,2.0130953748886173,200,0.1,3000,200,200,10,0.21126875922270222,0.0,1,-0.9119141989821494,-1.0072197903128584,-1.0072197903128584,0.6248236393942548,0.6248236393942548,1.0,0.33012037514708936
2C_esp_map,0,0,1,3,0.7,1.0,1.0,0.0,0.0,0.0,200,0.1,3000,200,200,10,0.44160999558294345,0.0,1,-0.37822449606994674,-0.3572552122429222,-0.3572552122429222,2.829663314661661,2.829663314661661,3.3320024524789655,0.33094937494024634
2C_esp_map,0,0,1,3,0.7,1.0,1.0,0.05,0.08660254037844387,0.05032738437221543,200,0.1,3000,200,200,10,0.44105987833710136,5.005767324870007e-18,1,-0.38889204775852504,-0.35857398858552053,-0.35857398858552053,0.6566182608036155,0.6566182608036155,1.0373088953467053,0.3297598329372704
2C_esp_map,0,0,1,3,0.7,1.0,1.0,0.1,0.17320508075688773,0.10065476874443086,200,0.1,3000,200,200,10,0.4396522210414664,9.865352994025548e-18,1,-0.39359450067931484,-0.3624585666059782,-0.3624585666059782,0.6561235831553751,0.6561235831553751,1.0365830842588895,0.3336643329821527
2C_esp_map,0,0,1,3,0.7,1.0,1.0,0.2,0.34641016151377546,0.2013095374888617,200,0.1,3000,200,200,10,0.43432931706811895,1.8743703352393845e-17,1,-0.38477657620468236,-0.37704882302931203,-0.37704882302931203,0.6544152552812676,0.6544152552812676,1.0340681184810212,0.33051737514324486
2C_esp_map,0,0,1,3,0.7,1.0,1.0,0.5,0.8660254037844386,0.5032738437221543,200,0.1,3000,200,200,10,0.40198972965518315,3.572056383421874e-17,1,-0.48677857838323585,-0.45406411829033505,-0.45406411829033505,0.6480864877097041,0.6480864877097041,1.0246354910709048,0.3341162500437349
2C_esp_map,0,0,1,3,0.7,1.0,1.0,1.0,1.7320508075688772,1.0065476874443087,200,0.1,3000,200,200,10,0.3314746433318191,4.1829503397432334e-17,1,-0.5934962818100543,-0.608424905462063,-0.608424905462063,0.6399155896043011,0.6399155896043011,1.0121813421994665,0.33473949995823205
2C_esp_map,0,0,1,3,0.7,1.0,1.0,2.0,3.4641016151377544,2.0130953748886173,200,0.1,3000,200,200,10,0.2450321155300026,0.0,1,-0.7493230651334994,-0.861926710179416,-0.861926710179416,0.6278053814591238,0.6278053814591238,1.0,0.3305319589562714
2C_esp_map,0,0,1,3,0.8,1.0,1.0,0.0,0.0,0.0,200,0.1,3000,200,200,10,0.4904671716712286,0.0,1,-0.23235771918668596,-0.22372381961839571,-0.22372381961839571,4.508020598403941,4.508020598403941,4.99737222230856,0.3332118750549853
2C_esp_map,0,0,1,3,0.8,1.0,1.0,0.05,0.08660254037844387,0.05032738437221543,200,0.1,3000,200,200,10,0.489975539618017,7.515733387167936e-18,1,-0.2309443242399296,-0.22542649735895615,-0.22542649735895615,0.6820223085019504,0.6820223085019504,1.073167327595194,0.33182520791888237
2C_esp_map,0,0,1,3,0.8,1.0,1.0,0.1,0.17320508075688773,0.10065476874443086,200,0.1,3000,200,200,10,0.4886224487552141,1.4892518320210977e-17,1,-0.24195308092740872,-0.23037090671404517,-0.23037090671404517,0.680400643464382,0.680400643464382,1.0709583171320909,0.3344359172042459
2C_esp_map,0,0,1,3,0.8,1.0,1.0,0.2,0.34641016151377546,0.2013095374888617,200,0.1,3000,200,200,10,0.4833769751542021,2.7312392746129244e-17,1,-0.25336980899787287,-0.24819323999636467,-0.24819323999636467,0.6751823614861512,0.6751823614861512,1.063778032593757,0.336188041837886
2C_esp_map,0,0,1,3,0.8,1.0,1.0,0.5,0.8660254037844386,0.5032738437221543,200,0.1,3000,200,200,10,0.45049102405412383,4.689852911520632e-17,1,-0.3378714608784865,-0.33331556521104694,-0.33331556521104694,0.6590797410389685,0.6590797410389685,1.040904279909913,0.3335954579524696
2C_esp_map,0,0,1,3,0.8,1.0,1.0,1.0,1.7320508075688772,1.0065476874443087,200,0.1,3000,200,200,10,0.3748466645920488,5.3564462943940096e-17,1,-0.4859000695806999,-0.4917068243052307,-0.4917068243052307,0.6449912944522433,0.6449912944522433,1.019954898204659,0.3335022919345647
2C_esp_map,0,0,1,3,0.8,1.0,1.0,2.0,3.4641016151377544,2.0130953748886173,200,0.1,3000,200,200,10,0.278114132644568,4.020400988036023e-17,1,-0.6369251129349668,-0.7411489750633802,-0.7411489750633802,0.6306331631996887,0.6306331631996887,1.0,0.3309204578399658
2C_esp_map,0,0,1,3,0.9,1.0,1.0,0.0,0.0,0.0,200,0.1,3000,200,200,10,0.5356028353438309,1.5573131275325244e-134,1,-0.10607438986685173,-0.10594078396201996,-0.10594078396201996,9.501766047817242,9.501766047817242,9.988135725110055,0.3312982090283185
2C_esp_map,0,0,1,3,0.9,1.0,1.0,0.05,0.08660254037844387,0.05032738437221543,200,0.1,3000,200,200,10,0.5351843558364948,1.2805627456050143e-17,1,-0.11118523058750278,-0.1085930181334366,-0.1085930181334366,0.7303295969815703,0.7303295969815703,1.1493677647051341,0.33261204115115106
2C_esp_map,0,0,1,3,0.9,1.0,1.0,0.1,0.17320508075688773,0.10065476874443086,200,0.1,3000,200,200,10,0.5339161589962729,2.487185248175399e-17,1,-0.11723200679806187,-0.1159383033482124,-0.1159383033482124,0.7247638928489533,0.7247638928489533,1.139597177797108,0.3278915418777615
2C_esp_map,0,0,1,3,0.9,1.0,1.0,0.2,0.34641016151377546,0.2013095374888617,200,0.1,3000,200,200,10,0.5288576876202652,4.277878563193811e-17,1,-0.13946620249412164,-0.13963620478984995,-0.13963620478984995,0.7096815270180628,0.7096815270180628,1.1126910372654177,0.3281910000368953
2C_esp_map,0,0,1,3,0.9,1.0,1.0,0.5,0.8660254037844386,0.5032738437221543,200,0.1,3000,200,200,10,0.4961416884482763,6.467075202747585e-17,1,-0.2434938178937026,-0.23409969444830392,-0.23409969444830392,0.6746475360312202,0.6746475360312202,1.0630358445431194,0.33160087489522994
2C_esp_map,0,0,1,3,0.9,1.0,1.0,1.0,1.7320508075688772,1.0065476874443087,200,0.1,3000,200,200,10,0.4168521695142562,6.686340312148799e-17,1,-0.40283413839664883,-0.3951039381208554,-0.3951039381208554,0.6509853864454507,0.6509853864454507,1.0289788803400026,0.3339582500047982
2C_esp_map,0,0,1,3,0.9,1.0,1.0,2.0,3.4641016151377544,2.0130953748886173,200,0.1,3000,200,200,10,0.31045515977897475,5.057306561942087e-17,1,-0.5461795489936043,-0.6368467992040888,-0.6368467992040888,0.6334105198250529,0.6334105198250529,1.0020365323216476,0.3328219579998404
2C_esp_map,0,0,1,3,1.0,1.0,1.0,0.0,0.0,0.0,200,0.1,3000,200,200,10,0.5772285330493213,0.015653828972805484,0,-0.0002994972253463746,-0.000681106945279823,-0.000681106945279823,nan,200.0,179.22618079674757,0.33138474985025823
2C_esp_map,0,0,1,3,1.0,1.0,1.0,0.05,0.08660254037844387,0.05032738437221543,200,0.1,3000,200,200,10,0.5768896530584031,2.249012125492524e-13,1,-0.009460960550001184,-0.009753798614668149,-0.009753798614668149,0.8855795482608239,0.8855795482608239,1.440341083859399,0.3327397499233484
2C_esp_map,0,0,1,3,1.0,1.0,1.0,0.1,0.17320508075688773,0.10065476874443086,200,0.1,3000,200,200,10,0.5757238363872199,5.464500391825035e-17,1,-0.024429624411651012,-0.024088525134770028,-0.024088525134770028,0.8207805337130459,0.8207805337130459,1.331060849849023,0.33313729194924235
2C_esp_map,0,0,1,3,1.0,1.0,1.0,0.2,0.34641016151377546,0.2013095374888617,200,0.1,3000,200,200,10,0.570922800072368,7.41401002708641e-17,1,-0.05508599082643896,-0.05674100314602724,-0.05674100314602724,0.762100331357418,0.762100331357418,1.2277078768247143,0.33207458397373557
2C_esp_map,0,0,1,3,1.0,1.0,1.0,0.5,0.8660254037844386,0.5032738437221543,200,0.1,3000,200,200,10,0.5389083030956883,8.643101168192996e-17,1,-0.14692720274397067,-0.15602688775963625,-0.15602688775963625,0.693785363149355,0.693785363149355,1.0925178842036312,0.3298428750131279
2C_esp_map,0,0,1,3,1.0,1.0,1.0,1.0,1.7320508075688772,1.0065476874443087,200,0.1,3000,200,200,10,0.4573890905182461,8.11183056743084e-17,1,-0.32591898337603775,-0.3158599115056981,-0.3158599115056981,0.657982046195115,0.657982046195115,1.0393042447223377,0.3315897500142455
2C_esp_map,0,0,1,3,1.0,1.0,1.0,2.0,3.4641016151377544,2.0130953748886173,200,0.1,3000,200,200,10,0.3420072448680972,6.201289215062782e-17,1,-0.4848888915714636,-0.547207046858342,-0.547207046858342,0.6362326212340019,0.6362326212340019,1.0064631429892243,0.33481116709299386
2C_esp_map,0,0,1,3,1.1,1.0,1.0,0.0,0.0,0.0,200,0.1,3000,200,200,10,0.6155841182286641,0.5259551915161998,0,1.6608910251597168e-05,-0.03180396329470482,-0.03180396329470482,0.3251282751692328,0.3251282751692328,0.9999999999999946,0.332260207971558
2C_esp_map,0,0,1,3,1.1,1.0,1.0,0.05,0.08660254037844387,0.05032738437221543,200,0.1,3000,200,200,10,0.615325726453967,0.5025234870605598,0,2.2423758793192876e-05,-0.03437686134653388,-0.03437686134653388,0.813724197373705,0.813724197373705,1.2755745170260655,0.33319912501610816
2C_esp_map,0,0,1,3,1.1,1.0,1.0,0.1,0.17320508075688773,0.10065476874443086,200,0.1,3000,200,200,10,0.61427047919633,0.43567266904530566,0,7.343736911028538e-05,-0.038115057894126586,-0.038115057894126586,0.8124123044541164,0.8124123044541164,1.278722976803979,0.33271633298136294
2C_esp_map,0,0,1,3,1.1,1.0,1.0,0.2,0.34641016151377546,0.2013095374888617,200,0.1,3000,200,200,10,0.6097673998939686,1.4392797527328052e-16,1,-0.024769984905876858,-0.025223251465626817,-0.025223251465626817,0.8489969427562387,0.8489969427562387,1.412722733862183,0.33012366713956
2C_esp_map,0,0,1,3,1.1,1.0,1.0,0.5,0.8660254037844386,0.5032738437221543,200,0.1,3000,200,200,10,0.5788228263105933,1.1937670456060066e-16,1,-0.09177556940319558,-0.10109996821432143,-0.10109996821432143,0.7142979890733041,0.7142979890733041,1.1451771218218632,0.3307498749345541
2C_esp_map,0,0,1,3,1.1,1.0,1.0,1.0,1.7320508075688772,1.0065476874443087,200,0.1,3000,200,200,10,0.4963551594527776,1.003510131436087e-16,1,-0.25262195324733117,-0.2527704836539281,-0.2527704836539281,0.6657305808924455,0.6657305808924455,1.050485921825661,0.3312315000221133
2C_esp_map,0,0,1,3,1.1,1.0,1.0,2.0,3.4641016151377544,2.0130953748886173,200,0.1,3000,200,200,10,0.3727349848741766,7.428262388457058e-17,1,-0.4264500428374899,-0.46883505801045117,-0.46883505801045117,0.6391641243775743,0.6391641243775743,1.0110199638565067,0.3293990418314934
2C_esp_map,0,0,1,3,1.2,1.0,1.0,0.0,0.0,0.0,200,0.1,3000,200,200,10,0.6509192081967499,0.7351707544360406,0,8.281130534226746e-06,-0.0005578672443587939,-0.0005578672443587939,0.34360501305459507,0.34360501305459507,1.0,0.3322214582003653
2C_esp_map,0,0,1,3,1.2,1.0,1.0,0.05,0.08660254037844387,0.05032738437221543,200,0.1,3000,200,200,10,0.65073879358828,0.6940948633402906,0,8.896032555841396e-06,-0.006857195906927108,-0.006857195906927108,0.6327379220968116,0.6327379220968116,1.2938812212977568,0.3391039159614593
2C_esp_map,0,0,1,3,1.2,1.0,1.0,0.1,0.17320508075688773,0.10065476874443086,200,0.1,3000,200,200,10,0.6497960194455503,0.6414286544034449,0,1.187022908137904e-05,-0.019229092186687335,-0.019229092186687335,0.7652628795240101,0.7652628795240101,1.2922876496208673,0.33268424984999
2C_esp_map,0,0,1,3,1.2,1.0,1.0,0.2,0.34641016151377546,0.2013095374888617,200,0.1,3000,200,200,10,0.6456099250465241,2.4352206036915425e-16,1,-0.012589044172824198,-0.02303345986952205,-0.02303345986952205,0.951524027316417,0.951524027316417,1.5778236974953743,0.33356679207645357
2C_esp_map,0,0,1,3,1.2,1.0,1.0,0.5,0.8660254037844386,0.5032738437221543,200,0.1,3000,200,200,10,0.6159708143429312,1.6296474922646614e-16,1,-0.061609771592931274,-0.07109610161680713,-0.07109610161680713,0.7341280551986274,0.7341280551986274,1.2007277617339833,0.33375774999149144
2C_esp_map,0,0,1,3,1.2,1.0,1.0,1.0,1.7320508075688772,1.0065476874443087,200,0.1,3000,200,200,10,0.5336521813098856,1.2129574376692368e-16,1,-0.19670954835209914,-0.198360959802919,-0.198360959802919,0.6738531463047941,0.6738531463047941,1.0619312793968319,0.33042725012637675
2C_esp_map,0,0,1,3,1.2,1.0,1.0,2.0,3.4641016151377544,2.0130953748886173,200,0.1,3000,200,200,10,0.40261751017237163,8.764457532094322e-17,1,-0.36312907719562454,-0.3965637568413644,-0.3965637568413644,0.6422445385919787,0.6422445385919787,1.015763434572159,0.33130270917899907
2C_esp_map,0,0,1,3,1.3,1.0,1.0,0.0,0.0,0.0,200,0.1,3000,200,200,10,0.6834809781637562,0.8928648761938021,0,1.088446464862282e-05,-0.00015083673742709178,-0.00015083673742709178,0.48370784244147763,0.48370784244147763,1.0,0.33227374986745417
2C_esp_map,0,0,1,3,1.3,1.0,1.0,0.05,0.08660254037844387,0.05032738437221543,200,0.1,3000,200,200,10,0.6833741700218041,0.8048364825627884,0,2.3477346074104055e-06,-0.0010432524143302478,-0.0010432524143302478,0.5008513815156647,0.5008513815156647,0.9999999999999997,0.3305693331640214
2C_esp_map,0,0,1,3,1.3,1.0,1.0,0.1,0.17320508075688773,0.10065476874443086,200,0.1,3000,200,200,10,0.6825417725581789,0.7929250539439405,0,-3.5290413980941537e-06,-0.004301655522556885,-0.004301655522556885,0.6396195823600636,0.6396195823600636,1.2277595662751428,0.33321879082359374
2C_esp_map,0,0,1,3,1.3,1.0,1.0,0.2,0.34641016151377546,0.2013095374888617,200,0.1,3000,200,200,10,0.6786770074740804,0.0002874197471527743,1,-0.0013935163906290604,-0.008925614128797346,-0.008925614128797346,0.7944235812673094,0.7944235812673094,1.3148631476958998,0.33179479208774865
2C_esp_map,0,0,1,3,1.3,1.0,1.0,0.5,0.8660254037844386,0.5032738437221543,200,0.1,3000,200,200,10,0.6504774680892169,2.3610546583736277e-16,1,-0.04761690479441334,-0.04877831648448089,-0.04877831648448089,0.7476319255351417,0.7476319255351417,1.2450540425603633,0.33233708306215703
2C_esp_map,0,0,1,3,1.3,1.0,1.0,1.0,1.7320508075688772,1.0065476874443087,200,0.1,3000,200,200,10,0.5691946107017205,1.5231460819360498e-16,1,-0.13247457442596497,-0.14777350871654993,-0.14777350871654993,0.6819707278140014,0.6819707278140014,1.0816208726173908,0.33153550000861287
2C_esp_map,0,0,1,3,1.3,1.0,1.0,2.0,3.4641016151377544,2.0130953748886173,200,0.1,3000,200,200,10,0.4316494800877958,1.0117697084289553e-16,1,-0.3187944557624391,-0.3332758473789322,-0.3332758473789322,0.6455028290717291,0.6455028290717291,1.020731543907276,0.3316687080077827
2C_esp_map,0,0,1,3,1.4,1.0,1.0,0.0,0.0,0.0,200,0.1,3000,200,200,10,0.7135066326244784,0.9056277326073875,0,2.3580692815315623e-05,0.018241029367703106,0.018241029367703106,0.5942249915423369,0.5942249915423369,0.9999999999999999,0.33464008290320635
2C_esp_map,0,0,1,3,1.4,1.0,1.0,0.05,0.08660254037844387,0.05032738437221543,200,0.1,3000,200,200,10,0.7134682017342476,0.9318173679969598,0,1.4650707624710449e-05,0.016953932352459317,0.016953932352459317,0.5834051712372026,0.5834051712372026,0.9999999999999999,0.3352204579859972
2C_esp_map,0,0,1,3,1.4,1.0,1.0,0.1,0.17320508075688773,0.10065476874443086,200,0.1,3000,200,200,10,0.7127416928309891,0.8433214738354261,0,1.9090799991293708e-05,0.0105374762800622,0.0105374762800622,0.6013995096021892,0.6013995096021892,1.0,0.3340097500476986
2C_esp_map,0,0,1,3,1.4,1.0,1.0,0.2,0.34641016151377546,0.2013095374888617,200,0.1,3000,200,200,10,0.7091930168240717,0.759066764150796,0,7.198796027162868e-05,0.004821669595108291,0.004821669595108291,0.938185826066383,0.938185826066383,43.15827923764575,0.331945416983217
2C_esp_map,0,0,1,3,1.4,1.0,1.0,0.5,0.8660254037844386,0.5032738437221543,200,0.1,3000,200,200,10,0.6824938472412134,4.418194541251886e-16,1,-0.0267146967182897,-0.02337046787580955,-0.02337046787580955,0.7527996325889017,0.7527996325889017,1.2709919672797012,0.3300773750524968
2C_esp_map,0,0,1,3,1.4,1.0,1.0,1.0,1.7320508075688772,1.0065476874443087,200,0.1,3000,200,200,10,0.6029194471222526,1.8618036375103243e-16,1,-0.09178874619617966,-0.10365274352707438,-0.10365274352707438,0.6897596517538996,0.6897596517538996,1.101595854845955,0.3311064171139151
2C_esp_map,0,0,1,3,1.4,1.0,1.0,2.0,3.4641016151377544,2.0130953748886173,200,0.1,3000,200,200,10,0.4598401340549873,1.145132942690152e-16,1,-0.25886605685330355,-0.2754005587015456,-0.2754005587015456,0.6489464214512123,0.6489464214512123,1.0259279688838219,0.33387662493623793
2C_esp_map,0,0,1,3,1.5,1.0,1.0,0.0,0.0,0.0,200,0.1,3000,200,200,10,0.7412191652863538,0.9442118702994546,0,2.204090624432048e-05,0.03012383661164452,0.03012383661164452,0.6057791401756835,0.6057791401756835,1.0,0.33235345780849457
2C_esp_map,0,0,1,3,1.5,1.0,1.0,0.05,0.08660254037844387,0.05032738437221543,200,0.1,3000,200,200,10,0.7412436234023895,0.939437465669217,0,-3.7353974717877564e-06,0.02899457148226372,0.02899457148226372,0.6280406799551476,0.6280406799551476,1.0,0.3325347499921918
2C_esp_map,0,0,1,3,1.5,1.0,1.0,0.1,0.17320508075688773,0.10065476874443086,200,0.1,3000,200,200,10,0.7406171933746986,0.8892863145948597,0,8.0402371991767e-06,0.028996940703655227,0.028996940703655227,0.6661728970513707,0.6661728970513707,1.1981155879216105,0.3329626249615103
2C_esp_map,0,0,1,3,1.5,1.0,1.0,0.2,0.34641016151377546,0.2013095374888617,200,0.1,3000,200,200,10,0.7373733932342191,0.8130137258847516,0,-1.0740431022532023e-05,0.026443116519379316,0.026443116519379316,0.711129411785506,0.711129411785506,1.2181335349683666,0.3309012500103563
2C_esp_map,0,0,1,3,1.5,1.0,1.0,0.5,0.8660254037844386,0.5032738437221543,200,0.1,3000,200,200,10,0.712184867184441,0.07803503591596474,0,-0.00012094707708155589,-0.0012607518633930366,-0.0012607518633930366,0.7520941970818107,0.7520941970818107,1.2807068631425167,0.33365604211576283
2C_esp_map,0,0,1,3,1.5,1.0,1.0,1.0,1.7320508075688772,1.0065476874443087,200,0.1,3000,200,200,10,0.6347941054323116,2.445832596588029e-16,1,-0.06890006160890508,-0.06380355423221894,-0.06380355423221894,0.6961963775000513,0.6961963775000513,1.1189961581155392,0.33244666713289917
2C_esp_map,0,0,1,3,1.5,1.0,1.0,2.0,3.4641016151377544,2.0130953748886173,200,0.1,3000,200,200,10,0.4872107168949772,1.345519140644401e-16,1,-0.1902749916106214,-0.22079254536579557,-0.22079254536579557,0.652553548376353,0.652553548376353,1.0313123568152154,0.33258283301256597
2C_esp_map,0,0,1,3,1.6,1.0,1.0,0.0,0.0,0.0,200,0.1,3000,200,200,10,0.7668253289683515,0.992056060732089,0,1.0605060121163537e-05,0.04685379402514923,0.04685379402514923,0.656384744379931,0.656384744379931,1.1816838915935413,0.3335244171321392
2C_esp_map,0,0,1,3,1.6,1.0,1.0,0.05,0.08660254037844387,0.05032738437221543,200,0.1,3000,200,200,10,0.7669072580554193,1.0026636409237637,0,2.922480346226643e-05,0.045111865027739555,0.045111865027739555,0.6657587775543292,0.6657587775543292,1.2062162825551326,0.333639666903764
2C_esp_map,0,0,1,3,1.6,1.0,1.0,0.1,0.17320508075688773,0.10065476874443086,200,0.1,3000,200,200,10,0.7661975436231204,0.9839465856096268,0,0.00018962223814795017,0.045072723422227255,0.045072723422227255,0.8628630860112212,0.8628630860112212,47.097533759784625,0.33670912496745586
2C_esp_map,0,0,1,3,1.6,1.0,1.0,0.2,0.34641016151377546,0.2013095374888617,200,0.1,3000,200,200,10,0.762935038680335,0.9301182585121026,0,6.171038372092017e-05,0.04496288734477397,0.04496288734477397,0.8529107892658304,0.8529107892658304,30.77550990524789,0.3306205829139799
2C_esp_map,0,0,1,3,1.6,1.0,1.0,0.5,0.8660254037844386,0.5032738437221543,200,0.1,3000,200,200,10,0.7397198450292635,0.47069270103837035,0,0.00010037231846207515,0.02148529035915762,0.02148529035915762,0.7634129105703767,0.7634129105703767,1.3024677411020236,0.33156175003387034
2C_esp_map,0,0,1,3,1.6,1.0,1.0,1.0,1.7320508075688772,1.0065476874443087,200,0.1,3000,200,200,10,0.6648200490846347,3.8849919402158267e-16,1,-0.03337623706736926,-0.03356946957137131,-0.03356946957137131,0.7003416766564337,0.7003416766564337,1.1323205434227297,0.33032525004819036
2C_esp_map,0,0,1,3,1.6,1.0,1.0,2.0,3.4641016151377544,2.0130953748886173,200,0.1,3000,200,200,10,0.5137910556945906,1.6457630052509168e-16,1,-0.14468163150944274,-0.17483244689558242,-0.17483244689558242,0.6562840469689485,0.6562840469689485,1.0368186431652422,0.33158329082652926
2C_esp_map,0,0,1,3,1.7,1.0,1.0,0.0,0.0,0.0,200,0.1,3000,200,200,10,0.7902706232345227,0.9574103785195746,0,4.7922182922015066e-05,0.06384690420512694,0.06384690420512694,0.7005200570403195,0.7005200570403195,1.2360803213577212,0.3312017919961363
2C_esp_map,0,0,1,3,1.7,1.0,1.0,0.05,0.08660254037844387,0.05032738437221543,200,0.1,3000,200,200,10,0.7900912276507784,1.0202624016605917,0,0.00012149945306281595,0.0618364296673217,0.0618364296673217,0.8658644076803501,0.8658644076803501,42.69664830637606,0.3299615827854723
2C_esp_map,0,0,1,3,1.7,1.0,1.0,0.1,0.17320508075688773,0.10065476874443086,200,0.1,3000,200,200,10,0.78932105412945,1.0008850186281477,0,8.719090687752664e-05,0.061961811983397695,0.061961811983397695,0.7175832719306144,0.7175832719306144,1.2881617835508175,0.3301519579254091
2C_esp_map,0,0,1,3,1.7,1.0,1.0,0.2,0.34641016151377546,0.2013095374888617,200,0.1,3000,200,200,10,0.7860701011044707,0.8647020834099837,0,-2.8464312891848695e-05,0.061175021427934226,0.061175021427934226,0.7723604171594055,0.7723604171594055,1.3240035536082733,0.33369516604579985
2C_esp_map,0,0,1,3,1.7,1.0,1.0,0.5,0.8660254037844386,0.5032738437221543,200,0.1,3000,200,200,10,0.7643776572205245,0.6691446704159782,0,2.053607040787064e-05,0.04184371047296756,0.04184371047296756,0.7693245025804746,0.7693245025804746,1.2979655683393085,0.33266200008802116
2C_esp_map,0,0,1,3,1.7,1.0,1.0,1.0,1.7320508075688772,1.0065476874443087,200,0.1,3000,200,200,10,0.6930317453659156,2.602405575546012e-06,1,-0.003892882412811117,-0.003988199437558616,-0.003988199437558616,0.7053941424379848,0.7053941424379848,1.1470535813237557,0.3320555828977376
2C_esp_map,0,0,1,3,1.7,1.0,1.0,2.0,3.4641016151377544,2.0130953748886173,200,0.1,3000,200,200,10,0.5396156439694603,1.9805311837481777e-16,1,-0.11044955735132106,-0.13208258604403939,-0.13208258604403939,0.6599813961640617,0.6599813961640617,1.0422145798312448,0.3323566659819335
2C_esp_map,0,0,1,3,1.8,1.0,1.0,0.0,0.0,0.0,200,0.1,3000,200,200,10,0.8118280669402367,1.0488632738503616,0,9.427684728182465e-05,0.0823938689487608,0.0823938689487608,0.7876460253455035,0.7876460253455035,29.89161467920011,0.33240370778366923
2C_esp_map,0,0,1,3,1.8,1.0,1.0,0.05,0.08660254037844387,0.05032738437221543,200,0.1,3000,200,200,10,0.8115565328734027,1.0214110047627987,0,9.146669773493496e-06,0.0817948933358902,0.0817948933358902,0.6688465998411768,0.6688465998411768,1.184719358566372,0.332682125037536
2C_esp_map,0,0,1,3,1.8,1.0,1.0,0.1,0.17320508075688773,0.10065476874443086,200,0.1,3000,200,200,10,0.8107281424967403,1.048938015694062,0,2.653754898284427e-05,0.07928175401774938,0.07928175401774938,0.6771794928579801,0.6771794928579801,1.1707427252072757,0.33922712481580675
2C_esp_map,0,0,1,3,1.8,1.0,1.0,0.2,0.34641016151377546,0.2013095374888617,200,0.1,3000,200,200,10,0.8074670451224457,0.9213977771064822,0,-3.569264109333056e-05,0.0775865477810182,0.0775865477810182,0.7919629050118508,0.7919629050118508,23.69610286808797,0.3382779168896377
2C_esp_map,0,0,1,3,1.8,1.0,1.0,0.5,0.8660254037844386,0.5032738437221543,200,0.1,3000,200,200,10,0.7865540385557347,0.7288009588147348,0,-4.801887897520312e-06,0.06866836775848988,0.06866836775848988,0.7230792117182583,0.7230792117182583,1.2173671720112162,0.3362539999652654
2C_esp_map,0,0,1,3,1.8,1.0,1.0,1.0,1.7320508075688772,1.0065476874443087,200,0.1,3000,200,200,10,0.7194919139525197,0.36981785029637504,0,-2.3551037502223356e-07,0.022776628179799054,0.022776628179799054,0.6992592677687416,0.6992592677687416,1.1380641692935842,0.33280345890671015
2C_esp_map,0,0,1,3,1.8,1.0,1.0,2.0,3.4641016151377544,2.0130953748886173,200,0.1,3000,200,200,10,0.5647189641763444,2.6877196451252515e-16,1,-0.07626654946727693,-0.09296343294204656,-0.09296343294204656,0.6632853692057242,0.6632853692057242,1.0481180711519045,0.3345145001076162
2C_esp_map,0,0,1,3,1.9,1.0,1.0,0.0,0.0,0.0,200,0.1,3000,200,200,10,0.8318492771855777,1.0374938925393378,0,1.4106647358811049e-05,0.09803207441490938,0.09803207441490938,0.7953837096427743,0.7953837096427743,31.875594200849726,0.3304544580169022
2C_esp_map,0,0,1,3,1.9,1.0,1.0,0.05,0.08660254037844387,0.05032738437221543,200,0.1,3000,200,200,10,0.8314818540324841,1.0586217640175157,0,-5.967509779255017e-06,0.09953222529572132,0.09953222529572132,0.7781486674249306,0.7781486674249306,22.023223952150857,0.33212541695684195
2C_esp_map,0,0,1,3,1.9,1.0,1.0,0.1,0.17320508075688773,0.10065476874443086,200,0.1,3000,200,200,10,0.8305896965895604,1.0638300772262752,0,3.145007386172941e-05,0.09866515882580364,0.09866515882580364,0.7457864214955675,0.7457864214955675,1.3511785683161446,0.3305492498911917
2C_esp_map,0,0,1,3,1.9,1.0,1.0,0.2,0.34641016151377546,0.2013095374888617,200,0.1,3000,200,200,10,0.8273010798911378,1.0278988934603546,0,-1.1033164529885214e-06,0.0959510941286851,0.0959510941286851,0.7747609053532769,0.7747609053532769,25.53393555049945,0.33259154204279184
2C_esp_map,0,0,1,3,1.9,1.0,1.0,0.5,0.8660254037844386,0.5032738437221543,200,0.1,3000,200,200,10,0.807067773482797,0.7930383823699743,0,1.4554167558016437e-05,0.08454421761328594,0.08454421761328594,0.7460255462173144,0.7460255462173144,1.2657681462181223,0.33154595806263387
2C_esp_map,0,0,1,3,1.9,1.0,1.0,1.0,1.7320508075688772,1.0065476874443087,200,0.1,3000,200,200,10,0.7442846480057032,0.515978896113175,0,8.03083326987686e-07,0.04468373068107862,0.04468373068107862,0.7093595863815744,0.7093595863815744,1.1649790709103642,0.3302718340419233
2C_esp_map,0,0,1,3,1.9,1.0,1.0,2.0,3.4641016151377544,2.0130953748886173,200,0.1,3000,200,200,10,0.5891297666791313,3.6174053268248003e-16,1,-0.05848487797661711,-0.05733514051919337,-0.05733514051919337,0.6658216425238231,0.6658216425238231,1.054156561480389,0.33137429086491466
2C_esp_map,1,0,1,3,0.4,1.0,1.0,0.0,0.0,0.0,200,0.1,3000,200,200,10,0.2626918178299041,0.0,1,-0.9664624921786558,-0.9170459244341554,-0.9170459244341554,0.7231246269365071,0.7231246269365071,1.1258483872876492,0.33111595804803073
2C_esp_map,1,0,1,3,0.4,1.0,1.0,0.05,0.08660254037844387,0.050157192366781865,200,0.1,3000,200,200,10,0.26284013520646643,1.6158264880585372e-18,1,-0.9420925445685954,-0.9180847967913152,-0.9180847967913152,0.6225503781345355,0.6225503781345355,1.0,0.33151799999177456
2C_esp_map,1,0,1,3,0.4,1.0,1.0,0.1,0.17320508075688773,0.10031438473356373,200,0.1,3000,200,200,10,0.26295622181296285,3.2024915825038606e-18,1,-0.9599248929844905,-0.9211794194426286,-0.9211794194426286,0.6225607483982879,0.6225607483982879,1.0000000000000002,0.33138316706754267
2C_esp_map,1,0,1,3,0.4,1.0,1.0,0.2,0.34641016151377546,0.20062876946712746,200,0.1,3000,200,200,10,0.2630911836221217,6.489561448921263e-18,1,-0.9672480145744793,-0.9332990459541529,-0.9332990459541529,0.6225904302279811,0.6225904302279811,1.0,0.3308320001233369
2C_esp_map,1,0,1,3,0.4,1.0,1.0,0.5,0.8660254037844386,0.5015719236678187,200,0.1,3000,200,200,10,0.26271511601338776,0.0,1,-1.0274877495155945,-1.0073791721168754,-1.0073791721168754,0.6225919957011886,0.6225919957011886,1.0,0.3313382500782609
2C_esp_map,1,0,1,3,0.4,1.0,1.0,1.0,1.7320508075688772,1.0031438473356373,200,0.1,3000,200,200,10,0.25954057124204216,0.0,1,-1.1391693712799025,-1.1588436593525389,-1.1588436593525389,0.6225037878797259,0.6225037878797259,1.0,0.3323100828565657
2C_esp_map,1,0,1,3,0.4,1.0,1.0,2.0,3.4641016151377544,2.0062876946712747,200,0.1,3000,200,200,10,0.24275915592121508,0.0,1,-1.3576492642160656,-1.4055357381972962,-1.4055357381972962,0.6218934196075366,0.6218934196075366,1.0,0.33248224994167686
2C_esp_map,1,0,1,3,0.5,1.0,1.0,0.0,0.0,0.0,200,0.1,3000,200,200,10,0.3210026755846333,0.0,1,-0.7318317694439828,-0.6939023731199442,-0.6939023731199442,0.7530189461342028,0.7530189461342028,1.160551587614502,0.332935709040612
2C_esp_map,1,0,1,3,0.5,1.0,1.0,0.05,0.08660254037844387,0.050157192366781865,200,0.1,3000,200,200,10,0.32121643837313907,2.763758713512973e-18,1,-0.7219950491929005,-0.6950473509495024,-0.6950473509495024,0.6217854226767562,0.6217854226767562,1.0000000000000002,0.32937237503938377
2C_esp_map,1,0,1,3,0.5,1.0,1.0,0.1,0.17320508075688773,0.10031438473356373,200,0.1,3000,200,200,10,0.32139449456386393,5.3840992647799774e-18,1,-0.729649284275462,-0.6984500624395501,-0.6984500624395501,0.6218484314220711,0.6218484314220711,1.0,0.3317867910955101
2C_esp_map,1,0,1,3,0.5,1.0,1.0,0.2,0.34641016151377546,0.20062876946712746,200,0.1,3000,200,200,10,0.3216427712338073,1.0625763075701923e-17,1,-0.7385173084256562,-0.7117489147535775,-0.7117489147535775,0.6220567074317015,0.6220567074317015,1.0,0.33206425001844764
2C_esp_map,1,0,1,3,0.5,1.0,1.0,0.5,0.8660254037844386,0.5015719236678187,200,0.1,3000,200,200,10,0.32151783784016275,2.1355994359509407e-17,1,-0.7941177655960558,-0.7907206799093781,-0.7907206799093781,0.6226458844726049,0.6226458844726049,1.0,0.3337809999939054
2C_esp_map,1,0,1,3,0.5,1.0,1.0,1.0,1.7320508075688772,1.0031438473356373,200,0.1,3000,200,200,10,0.3184379961035362,0.0,1,-0.9384926028727406,-0.9452049707703309,-0.9452049707703309,0.6230177402558963,0.6230177402558963,1.0,0.33203662489540875
2C_esp_map,1,0,1,3,0.5,1.0,1.0,2.0,3.4641016151377544,2.0062876946712747,200,0.1,3000,200,200,10,0.29884989037526477,0.0,1,-1.153053082739564,-1.1960466677001096,-1.1960466677001096,0.6226352184986935,0.6226352184986935,1.0,0.3305315840989351
2C_esp_map,1,0,1,3,0.6,1.0,1.0,0.0,0.0,0.0,200,0.1,3000,200,200,10,0.37537220110330277,0.0,1,-0.5449875577736409,-0.5115808163259898,-0.5115808163259898,0.7830622360388616,0.7830622360388616,1.192758212902512,0.3338934581261128
2C_esp_map,1,0,1,3,0.6,1.0,1.0,0.05,0.08660254037844387,0.050157192366781865,200,0.1,3000,200,200,10,0.3756497424666186,4.0390562483925e-18,1,-0.5322743333365362,-0.5128882535143753,-0.5128882535143753,0.6200709985043633,0.6200709985043633,1.0,0.33039079094305634
2C_esp_map,1,0,1,3,0.6,1.0,1.0,0.1,0.17320508075688773,0.10031438473356373,200,0.1,3000,200,200,10,0.3758898615477241,8.165643871286141e-18,1,-0.5280917889272537,-0.5167612110203544,-0.5167612110203544,0.6202359857278941,0.6202359857278941,0.9999999999999999,0.33112058392725885
2C_esp_map,1,0,1,3,0.6,1.0,1.0,0.2,0.34641016151377546,0.20062876946712746,200,0.1,3000,200,200,10,0.37625698280863,1.5291345522712063e-17,1,-0.547340057339743,-0.5316143305365638,-0.5316143305365638,0.6207878213020073,0.6207878213020073,1.0,0.3324465418700129
2C_esp_map,1,0,1,3,0.6,1.0,1.0,0.5,0.8660254037844386,0.5015719236678187,200,0.1,3000,200,200,10,0.3764432502056615,2.960080628607549e-17,1,-0.6148598381867943,-0.6164674488648693,-0.6164674488648693,0.6224715818049074,0.6224715818049074,0.9999999999999997,0.3310665828175843
2C_esp_map,1,0,1,3,0.6,1.0,1.0,1.0,1.7320508075688772,1.0031438473356373,200,0.1,3000,200,200,10,0.37370248223747343,3.4101740151071975e-17,1,-0.7784021750681559,-0.778665791664332,-0.778665791664332,0.6234682158691862,0.6234682158691862,0.9999999999999999,0.33220258401706815
2C_esp_map,1,0,1,3,0.6,1.0,1.0,2.0,3.4641016151377544,2.0062876946712747,200,0.1,3000,200,200,10,0.35228481622310354,0.0,1,-0.9840594154433648,-1.0262171251940975,-1.0262171251940975,0.623261351099844,0.623261351099844,1.0,0.3326949579641223
2C_esp_map,1,0,1,3,0.7,1.0,1.0,0.0,0.0,0.0,200,0.1,3000,200,200,10,0.42571101345489454,0.0,1,-0.3798748498202048,-0.3574301364987316,-0.3574301364987316,0.8126312287331882,0.8126312287331882,1.2221311014419363,0.33267637505196035
2C_esp_map,1,0,1,3,0.7,1.0,1.0,0.05,0.08660254037844387,0.050157192366781865,200,0.1,3000,200,200,10,0.4260462693270454,5.786114409879598e-18,1,-0.36438781950843735,-0.3589975117298101,-0.3589975117298101,0.6176169341877333,0.6176169341877333,1.0000000000000002,0.3328432501293719
2C_esp_map,1,0,1,3,0.7,1.0,1.0,0.1,0.17320508075688773,0.10031438473356373,200,0.1,3000,200,200,10,0.42634377972098286,1.1409489836826827e-17,1,-0.3845476130269412,-0.36361942686713744,-0.36361942686713744,0.6179306493116166,0.6179306493116166,1.0,0.33047354221343994
2C_esp_map,1,0,1,3,0.7,1.0,1.0,0.2,0.34641016151377546,0.20062876946712746,200,0.1,3000,200,200,10,0.4268246484756693,2.1502350419257634e-17,1,-0.3938871802208881,-0.38100700594228676,-0.38100700594228676,0.6189674445418715,0.6189674445418715,1.0,0.33055195794440806
2C_esp_map,1,0,1,3,0.7,1.0,1.0,0.5,0.8660254037844386,0.5015719236678187,200,0.1,3000,200,200,10,0.4273418670495547,3.9992418853063956e-17,1,-0.48123426138960507,-0.47349912756738355,-0.47349912756738355,0.6220923246134596,0.6220923246134596,1.0,0.33201516699045897
2C_esp_map,1,0,1,3,0.7,1.0,1.0,1.0,1.7320508075688772,1.0031438473356373,200,0.1,3000,200,200,10,0.42509453011135506,4.4808274963112375e-17,1,-0.6296925060861435,-0.6382209676958419,-0.6382209676958419,0.6238388545552941,0.6238388545552941,1.0000000000000002,0.3288454581052065
2C_esp_map,1,0,1,3,0.7,1.0,1.0,2.0,3.4641016151377544,2.0062876946712747,200,0.1,3000,200,200,10,0.40284467918759864,0.0,1,-0.8638243897928679,-0.8809605910883406,-0.8809605910883406,0.6236978467937848,0.6236978467937848,0.9999999999999997,0.33099154103547335
2C_esp_map,1,0,1,3,0.8,1.0,1.0,0.0,0.0,0.0,200,0.1,3000,200,200,10,0.4720894196225172,0.0,1,-0.23487056546062812,-0.22389874387420816,-0.22389874387420816,0.8414255051021902,0.8414255051021902,1.2487504181944322,0.3316311661619693
2C_esp_map,1,0,1,3,0.8,1.0,1.0,0.05,0.08660254037844387,0.050157192366781865,200,0.1,3000,200,200,10,0.47247380952758444,8.962511140688681e-18,1,-0.23109858895043925,-0.22592931320921134,-0.22592931320921134,0.6144511446948859,0.6144511446948859,0.9999999999999999,0.3330749168526381
2C_esp_map,1,0,1,3,0.8,1.0,1.0,0.1,0.17320508075688773,0.10031438473356373,200,0.1,3000,200,200,10,0.4728211456391767,1.7500782946659098e-17,1,-0.23857980211473112,-0.23185357690357403,-0.23185357690357403,0.6149952285744505,0.6149952285744505,1.0,0.3306696249637753
2C_esp_map,1,0,1,3,0.8,1.0,1.0,0.2,0.34641016151377546,0.20062876946712746,200,0.1,3000,200,200,10,0.47340373328330587,3.171927210222535e-17,1,-0.2522277281677413,-0.2529659241895091,-0.2529659241895091,0.6167345416097019,0.6167345416097019,1.0,0.3338322499766946
2C_esp_map,1,0,1,3,0.8,1.0,1.0,0.5,0.8660254037844386,0.5015719236678187,200,0.1,3000,200,200,10,0.47424167572599885,5.3498074397324427e-17,1,-0.3474333373229346,-0.3549870790561418,-0.3549870790561418,0.6215790341368205,0.6215790341368205,1.0,0.3317337080370635
2C_esp_map,1,0,1,3,0.8,1.0,1.0,1.0,1.7320508075688772,1.0031438473356373,200,0.1,3000,200,200,10,0.47256349968260636,5.578801587834972e-17,1,-0.53671731243224,-0.5239035369891251,-0.5239035369891251,0.6240786392802412,0.6240786392802412,0.9999999999999999,0.33443262497894466
2C_esp_map,1,0,1,3,0.8,1.0,1.0,2.0,3.4641016151377544,2.0062876946712747,200,0.1,3000,200,200,10,0.4504128019406644,4.1685372242196436e-17,1,-0.7277356657576739,-0.7574909952235197,-0.7574909952235197,0.6239427218661834,0.6239427218661834,1.0,0.3353832501452416
2C_esp_map,1,0,1,3,0.9,1.0,1.0,0.0,0.0,0.0,200,0.1,3000,200,200,10,0.5146842728169073,3.657618388309969e-134,1,-0.10625437172516178,-0.10611570821782475,-0.10611570821782475,0.8695756224777262,0.8695756224777262,1.2730700556813928,0.3308480840642005
2C_esp_map,1,0,1,3,0.9,1.0,1.0,0.05,0.08660254037844387,0.050157192366781865,200,0.1,3000,200,200,10,0.5151082916531383,1.5982392568383268e-17,1,-0.10965221183965318,-0.10921531521756608,-0.10921531521756608,0.6075992286318158,0.6075992286318158,0.9999999999999999,0.3293864999432117
2C_esp_map,1,0,1,3,0.9,1.0,1.0,0.1,0.17320508075688773,0.10031438473356373,200,0.1,3000,200,200,10,0.5154966346081616,3.048620442440918e-17,1,-0.11709073068617715,-0.11776021142947647,-0.11776021142947647,0.6087608486169064,0.6087608486169064,1.0,0.3320965419989079
2C_esp_map,1,0,1,3,0.9,1.0,1.0,0.2,0.34641016151377546,0.20062876946712746,200,0.1,3000,200,200,10,0.5161654027561519,4.992689662648505e-17,1,-0.1449514916915777,-0.14525843487526005,-0.14525843487526005,0.612310231549783,0.612310231549783,1.0,0.3317160829901695
2C_esp_map,1,0,1,3,0.9,1.0,1.0,0.5,0.8660254037844386,0.5015719236678187,200,0.1,3000,200,200,10,0.5172950568341472,7.075034700030683e-17,1,-0.24487810396529627,-0.2587376417658038,-0.2587376417658038,0.620743093067793,0.620743093067793,1.0,0.3313758750446141
2C_esp_map,1,0,1,3,0.9,1.0,1.0,1.0,1.7320508075688772,1.0031438473356373,200,0.1,3000,200,200,10,0.5162026244406636,7.054837537647889e-17,1,-0.410528373153631,-0.425597182390898,-0.425597182390898,0.6241634923067415,0.6241634923067415,1.0000000000000002,0.3298488750588149
2C_esp_map,1,0,1,3,0.9,1.0,1.0,2.0,3.4641016151377544,2.0062876946712747,200,0.1,3000,200,200,10,0.494962055356025,5.349701488222576e-17,1,-0.6135416721565591,-0.6517314699611009,-0.6517314699611009,0.6240307537438633,0.6240307537438633,1.0,0.33624962507747114
2C_esp_map,1,0,1,3,1.0,1.0,1.0,0.0,0.0,0.0,200,0.1,3000,200,200,10,0.553735441818243,0.024075110748275164,0,-0.0003941519554325401,-0.0011025830997658476,-0.0011025830997658476,0.8975252011544574,0.8975252011544574,1.2957071756698513,0.33396845893003047
2C_esp_map,1,0,1,3,1.0,1.0,1.0,0.05,0.08660254037844387,0.050157192366781865,200,0.1,3000,200,200,10,0.5541897955661441,4.571664703526409e-13,1,-0.009144922599481548,-0.009752486835836112,-0.009752486835836112,0.6094092910939721,0.6094092910939721,0.9999999999999999,0.3324530420359224
2C_esp_map,1,0,1,3,1.0,1.0,1.0,0.1,0.17320508075688773,0.10031438473356373,200,0.1,3000,200,200,10,0.5546102784858857,7.827948017993127e-17,1,-0.025470282350037256,-0.02561897729960741,-0.02561897729960741,0.5983816036539811,0.5983816036539811,1.0,0.3300002079922706
2C_esp_map,1,0,1,3,1.0,1.0,1.0,0.2,0.34641016151377546,0.20062876946712746,200,0.1,3000,200,200,10,0.5553487985673212,9.146711558911739e-17,1,-0.06263848716019631,-0.06209588309221492,-0.06209588309221492,0.6015919727042184,0.6015919727042184,1.0,0.33073795796371996
2C_esp_map,1,0,1,3,1.0,1.0,1.0,0.5,0.8660254037844386,0.5015719236678187,200,0.1,3000,200,200,10,0.5567318531499627,9.799650763054877e-17,1,-0.1694875175975115,-0.18023317146219356,-0.18023317146219356,0.6184935302671218,0.6184935302671218,1.0,0.3325117090716958
2C_esp_map,1,0,1,3,1.0,1.0,1.0,1.0,1.7320508075688772,1.0031438473356373,200,0.1,3000,200,200,10,0.5562028049108622,8.586019225134638e-17,1,-0.3329244382988184,-0.34191677072204263,-0.34191677072204263,0.6240394357554035,0.6240394357554035,1.0,0.3325074170716107
2C_esp_map,1,0,1,3,1.0,1.0,1.0,2.0,3.4641016151377544,2.0062876946712747,200,0.1,3000,200,200,10,0.5365381797678037,6.481088814271328e-17,1,-0.5296364167168476,-0.5554362367209901,-0.5554362367209901,0.624006855989659,0.624006855989659,0.9999999999999999,0.33156000007875264
2C_esp_map,1,0,1,3,1.1,1.0,1.0,0.0,0.0,0.0,200,0.1,3000,200,200,10,0.5895136367242125,0.5797566675268857,0,1.2032418041819827e-05,-0.000776736154199511,-0.000776736154199511,0.8704415149072179,0.8704415149072179,1.2737931865578163,0.33277887501753867
2C_esp_map,1,0,1,3,1.1,1.0,1.0,0.05,0.08660254037844387,0.050157192366781865,200,0.1,3000,200,200,10,0.5899899266388898,0.5521455752831655,0,9.686812872496359e-05,-0.0011840652495831623,-0.0011840652495831623,0.8085902242476632,0.8085902242476632,1.2182436296250034,0.3312593752052635
2C_esp_map,1,0,1,3,1.1,1.0,1.0,0.1,0.17320508075688773,0.10031438473356373,200,0.1,3000,200,200,10,0.5904343864766745,0.37957193371561176,0,-3.988835993671458e-05,-0.0010029477191455484,-0.0010029477191455484,0.722803395992801,0.722803395992801,1.1254598936128222,0.33101970795542
2C_esp_map,1,0,1,3,1.1,1.0,1.0,0.2,0.34641016151377546,0.20062876946712746,200,0.1,3000,200,200,10,0.5912270500115169,2.4702141280175316e-16,1,-0.019843161730115223,-0.016991133075457174,-0.016991133075457174,0.6006741236416183,0.6006741236416183,0.9999999999999999,0.3309255421627313
2C_esp_map,1,0,1,3,1.1,1.0,1.0,0.5,0.8660254037844386,0.5015719236678187,200,0.1,3000,200,200,10,0.592822717141148,1.3477079431585602e-16,1,-0.1235997715277936,-0.12112786822198005,-0.12112786822198005,0.6136586234085937,0.6136586234085937,1.0,0.33063470805063844
2C_esp_map,1,0,1,3,1.1,1.0,1.0,1.0,1.7320508075688772,1.0031438473356373,200,0.1,3000,200,200,10,0.5928125944634884,1.049001447622916e-16,1,-0.23929975773764967,-0.2669764881515094,-0.2669764881515094,0.623550551580362,0.623550551580362,1.0,0.330209624953568
2C_esp_map,1,0,1,3,1.1,1.0,1.0,2.0,3.4641016151377544,2.0062876946712747,200,0.1,3000,200,200,10,0.5752417864880053,7.715890780464798e-17,1,-0.4407731874502962,-0.4725612482612912,-0.4725612482612912,0.6239029068888394,0.6239029068888394,1.0,0.33062900020740926
2C_esp_map,1,0,1,3,1.2,1.0,1.0,0.0,0.0,0.0,200,0.1,3000,200,200,10,0.6222983545159751,0.79491420921504,0,9.261064805364647e-06,-0.0016072433097199456,-0.0016072433097199456,0.8387934922174789,0.8387934922174789,1.2463931054621677,0.3309624590910971
2C_esp_map,1,0,1,3,1.2,1.0,1.0,0.05,0.08660254037844387,0.050157192366781865,200,0.1,3000,200,200,10,0.6227894002188399,0.7637966507196985,0,8.87419309350732e-06,-0.0006602946190816063,-0.0006602946190816063,0.7966281595767671,0.7966281595767671,1.2065048778034777,0.3316053750459105
2C_esp_map,1,0,1,3,1.2,1.0,1.0,0.1,0.17320508075688773,0.10031438473356373,200,0.1,3000,200,200,10,0.6232507570703387,0.5580443636653774,0,0.0002065192068354652,-5.469980217575116e-05,-5.469980217575116e-05,0.7401626438534218,0.7401626438534218,1.1459707348406256,0.32879533409141004
2C_esp_map,1,0,1,3,1.2,1.0,1.0,0.2,0.34641016151377546,0.20062876946712746,200,0.1,3000,200,200,10,0.624083707327682,4.405109250777867e-10,1,-0.00764452620479417,-0.009571813350577319,-0.009571813350577319,0.6370308386105008,0.6370308386105008,1.0077080723323435,0.3306467079091817
2C_esp_map,1,0,1,3,1.2,1.0,1.0,0.5,0.8660254037844386,0.5015719236678187,200,0.1,3000,200,200,10,0.6258529687740432,1.8911601499092202e-16,1,-0.07221457188153532,-0.0755419601970554,-0.0755419601970554,0.6079701158924552,0.6079701158924552,0.9999999999999999,0.33110604202374816
2C_esp_map,1,0,1,3,1.2,1.0,1.0,1.0,1.7320508075688772,1.0031438473356373,200,0.1,3000,200,200,10,0.6263073899171693,1.3092874441716173e-16,1,-0.18186884825334873,-0.20318058229963296,-0.20318058229963296,0.6225056268681183,0.6225056268681183,1.0,0.3306691248435527
2C_esp_map,1,0,1,3,1.2,1.0,1.0,2.0,3.4641016151377544,2.0062876946712747,200,0.1,3000,200,200,10,0.6112112230801305,9.027231587358596e-17,1,-0.382950037386024,-0.39546227862838573,-0.39546227862838573,0.6237336422925339,0.6237336422925339,1.0,0.33131608297117054
2C_esp_map,1,0,1,3,1.3,1.0,1.0,0.0,0.0,0.0,200,0.1,3000,200,200,10,0.6523637034135836,0.9048197979172701,0,6.618316541260768e-05,0.0005237329276765466,0.0005237329276765466,0.7997488092270196,0.7997488092270196,1.2096011253339398,0.33033100003376603
2C_esp_map,1,0,1,3,1.3,1.0,1.0,0.05,0.08660254037844387,0.050157192366781865,200,0.1,3000,200,200,10,0.6528636170618425,0.8971247506410278,0,0.00032899561648412016,0.0016715472209562483,0.0016715472209562483,0.7249269967380201,0.7249269967380201,1.1280217709190952,0.33105195802636445
2C_esp_map,1,0,1,3,1.3,1.0,1.0,0.1,0.17320508075688773,0.10031438473356373,200,0.1,3000,200,200,10,0.6533359913038433,0.7719232305133151,0,2.937899238664325e-05,0.00500075151406525,0.00500075151406525,0.7005478390898,0.7005478390898,1.097676812978465,0.33608895796351135
2C_esp_map,1,0,1,3,1.3,1.0,1.0,0.2,0.34641016151377546,0.20062876946712746,200,0.1,3000,200,200,10,0.6541974902496482,0.6228916315855026,0,0.0008475785333510394,0.005536108109415515,0.005536108109415515,0.6455280941652577,0.6455280941652577,1.0207698711456354,0.3335932919289917
2C_esp_map,1,0,1,3,1.3,1.0,1.0,0.5,0.8660254037844386,0.5015719236678187,200,0.1,3000,200,200,10,0.6561053243344505,3.3004207347592227e-16,1,-0.0389703249021378,-0.04233220229132983,-0.04233220229132983,0.6049231132218037,0.6049231132218037,1.0,0.33175829192623496
2C_esp_map,1,0,1,3,1.3,1.0,1.0,1.0,1.7320508075688772,1.0031438473356373,200,0.1,3000,200,200,10,0.656967824552692,1.6169110246279532e-16,1,-0.13729554470134267,-0.15015019625791914,-0.15015019625791914,0.6209214723061731,0.6209214723061731,1.0,0.3316801250912249
2C_esp_map,1,0,1,3,1.3,1.0,1.0,2.0,3.4641016151377544,2.0062876946712747,200,0.1,3000,200,200,10,0.6446078391853703,1.019946067633887e-16,1,-0.294990750997361,-0.33041464448908936,-0.33041464448908936,0.623509950785112,0.623509950785112,1.0,0.3327241251245141
2C_esp_map,1,0,1,3,1.4,1.0,1.0,0.0,0.0,0.0,200,0.1,3000,200,200,10,0.6799699031867178,0.9825226413554471,0,-6.882652636882651e-06,0.019174216673325514,0.019174216673325514,0.7160880391260862,0.7160880391260862,1.1172585990962822,0.3322517080232501
2C_esp_map,1,0,1,3,1.4,1.0,1.0,0.05,0.08660254037844387,0.050157192366781865,200,0.1,3000,200,200,10,0.6804740140599552,0.8797163179733115,0,0.00012038133364455327,0.020581528169740106,0.020581528169740106,0.6976646206775698,0.6976646206775698,1.093947808024658,0.33091491600498557
2C_esp_map,1,0,1,3,1.4,1.0,1.0,0.1,0.17320508075688773,0.10031438473356373,200,0.1,3000,200,200,10,0.6809526822447611,0.8164723114765696,0,3.0055976849121838e-05,0.026324216381577108,0.026324216381577108,0.6708608329204209,0.6708608329204209,1.057747109669851,0.33486233302392066
2C_esp_map,1,0,1,3,1.4,1.0,1.0,0.2,0.34641016151377546,0.20062876946712746,200,0.1,3000,200,200,10,0.6818331189734931,0.6423910320783601,0,8.15281811588087e-05,0.022118851216401936,0.022118851216401936,0.6432256825141534,0.6432256825141534,1.0172647392470235,0.3341211248189211
2C_esp_map,1,0,1,3,1.4,1.0,1.0,0.5,0.8660254037844386,0.5015719236678187,200,0.1,3000,200,200,10,0.6838493484687366,1.5650120820181642e-13,1,-0.010583533226490976,-0.010257512914280325,-0.010257512914280325,0.6055699991832162,0.6055699991832162,1.0,0.3326436660718173
2C_esp_map,1,0,1,3,1.4,1.0,1.0,1.0,1.7320508075688772,1.0031438473356373,200,0.1,3000,200,200,10,0.685065870555223,2.1787904930767464e-16,1,-0.09427586672938414,-0.10056111997602286,-0.10056111997602286,0.6191130134828347,0.6191130134828347,1.0000000000000002,0.3339678749907762
2C_esp_map,1,0,1,3,1.4,1.0,1.0,2.0,3.4641016151377544,2.0062876946712747,200,0.1,3000,200,200,10,0.6756043519263167,1.2046657536896596e-16,1,-0.2349424283123851,-0.27281681422622495,-0.27281681422622495,0.623237893826568,0.623237893826568,1.0,0.3347923750989139
2C_esp_map,1,0,1,3,1.5,1.0,1.0,0.0,0.0,0.0,200,0.1,3000,200,200,10,0.7053586786916974,0.9691734017316727,0,-7.898430829170895e-06,0.0399475180792816,0.0399475180792816,0.694257795588643,0.694257795588643,1.0895016766897097,0.32942495797760785
2C_esp_map,1,0,1,3,1.5,1.0,1.0,0.05,0.08660254037844387,0.050157192366781865,200,0.1,3000,200,200,10,0.7058633823537261,0.9753101235414585,0,0.0001539418036640892,0.047307616125536155,0.047307616125536155,0.6505571361204197,0.6505571361204197,1.0283396742087991,0.3316248329356313
2C_esp_map,1,0,1,3,1.5,1.0,1.0,0.1,0.17320508075688773,0.10031438473356373,200,0.1,3000,200,200,10,0.7063446485638251,0.8719582935670291,0,-1.7452768775249242e-05,0.04530552670626478,0.04530552670626478,0.6408057525081792,0.6408057525081792,1.0135535513619014,0.33121045818552375
2C_esp_map,1,0,1,3,1.5,1.0,1.0,0.2,0.34641016151377546,0.20062876946712746,200,0.1,3000,200,200,10,0.7072363503166067,0.7720922112431676,0,-2.81946233119341e-05,0.043563662243752674,0.043563662243752674,0.6438167010535967,0.6438167010535967,1.0181668822910286,0.33151416620239615
2C_esp_map,1,0,1,3,1.5,1.0,1.0,0.5,0.8660254037844386,0.5015719236678187,200,0.1,3000,200,200,10,0.7093356547142468,0.45413691829063424,0,-1.5610002731716195e-05,0.016567792373469992,0.016567792373469992,0.609002553083414,0.609002553083414,1.0,0.3291797910351306
2C_esp_map,1,0,1,3,1.5,1.0,1.0,1.0,1.7320508075688772,1.0031438473356373,200,0.1,3000,200,200,10,0.7108567441442663,2.895399081065581e-16,1,-0.05425438948567435,-0.059452454514765794,-0.059452454514765794,0.6172217221601778,0.6172217221601778,1.0,0.3325988329015672
2C_esp_map,1,0,1,3,1.5,1.0,1.0,2.0,3.4641016151377544,2.0062876946712747,200,0.1,3000,200,200,10,0.7043763065963219,1.4350932517502798e-16,1,-0.18737874123840745,-0.2203815385588479,-0.2203815385588479,0.622909657886162,0.622909657886162,1.0,0.32952770800329745
2C_esp_map,1,0,1,3,1.6,1.0,1.0,0.0,0.0,0.0,200,0.1,3000,200,200,10,0.7287512304789501,1.0299179361781219,0,4.369357059767337e-05,0.061367410668548734,0.061367410668548734,0.6758023954068186,0.6758023954068186,1.0646369957773905,0.33221158292144537
2C_esp_map,1,0,1,3,1.6,1.0,1.0,0.05,0.08660254037844387,0.050157192366781865,200,0.1,3000,200,200,10,0.7292538115480953,0.8966030755416465,0,3.236811424895955e-05,0.062094193736709415,0.062094193736709415,0.6470467310066483,0.6470467310066483,1.023068151746736,0.33350604213774204
2C_esp_map,1,0,1,3,1.6,1.0,1.0,0.1,0.17320508075688773,0.10031438473356373,200,0.1,3000,200,200,10,0.7297348456525555,0.9025022132010965,0,1.5928746407788476e-05,0.06241003657316164,0.06241003657316164,0.637004051877809,0.637004051877809,1.0076663453471848,0.3325069579295814
2C_esp_map,1,0,1,3,1.6,1.0,1.0,0.2,0.34641016151377546,0.20062876946712746,200,0.1,3000,200,200,10,0.7306318017592083,0.843335005260655,0,1.8766510914272948e-05,0.06297463824541479,0.06297463824541479,0.6173786633420827,0.6173786633420827,1.0000000000000002,0.33050708286464214
2C_esp_map,1,0,1,3,1.6,1.0,1.0,0.5,0.8660254037844386,0.5015719236678187,200,0.1,3000,200,200,10,0.732793287635265,0.6102015286612732,0,-5.936745297249679e-06,0.038050973676617236,0.038050973676617236,0.5989399211448875,0.5989399211448875,0.9999999999999999,0.32992416620254517
2C_esp_map,1,0,1,3,1.6,1.0,1.0,1.0,1.7320508075688772,1.0031438473356373,200,0.1,3000,200,200,10,0.734574859468158,6.788881493861214e-16,1,-0.02323295402931146,-0.021484550845326196,-0.021484550845326196,0.6153833557388685,0.6153833557388685,1.0,0.33042149990797043
2C_esp_map,1,0,1,3,1.6,1.0,1.0,2.0,3.4641016151377544,2.0062876946712747,200,0.1,3000,200,200,10,0.7309241603768476,1.7207057626759554e-16,1,-0.14181824010751032,-0.17043282296313517,-0.17043282296313517,0.6225019932564515,0.6225019932564515,0.9999999999999999,0.32885829103179276
2C_esp_map,1,0,1,3,1.7,1.0,1.0,0.0,0.0,0.0,200,0.1,3000,200,200,10,0.7503478559265911,1.005077343962827,0,5.673160565842022e-06,0.08083354945802104,0.08083354945802104,0.6344828141103509,0.6344828141103509,1.0037231194119978,0.3317228751257062
2C_esp_map,1,0,1,3,1.7,1.0,1.0,0.05,0.08660254037844387,0.050157192366781865,200,0.1,3000,200,200,10,0.7508463134565498,1.006835818466513,0,3.329727280607392e-05,0.080248648866366,0.080248648866366,0.6306372751170112,0.6306372751170112,1.0000000000000002,0.33229812514036894
2C_esp_map,1,0,1,3,1.7,1.0,1.0,0.1,0.17320508075688773,0.10031438473356373,200,0.1,3000,200,200,10,0.7513249871938883,1.0125578580095878,0,1.8558766015737027e-07,0.08026800308444587,0.08026800308444587,0.6186862784839938,0.6186862784839938,1.0000000000000002,0.32980804215185344
2C_esp_map,1,0,1,3,1.7,1.0,1.0,0.2,0.34641016151377546,0.20062876946712746,200,0.1,3000,200,200,10,0.7522225538024648,0.8876550917596051,0,-1.5077979730182817e-05,0.0815319255164705,0.0815319255164705,0.6208677569315052,0.6208677569315052,1.0,0.3337958750780672
2C_esp_map,1,0,1,3,1.7,1.0,1.0,0.5,0.8660254037844386,0.5015719236678187,200,0.1,3000,200,200,10,0.7544291390924586,0.730112151775983,0,-1.6427511343689048e-05,0.06321443339499351,0.06321443339499351,0.5986834567719239,0.5986834567719239,1.0,0.33412991696968675
2C_esp_map,1,0,1,3,1.7,1.0,1.0,1.0,1.7320508075688772,1.0031438473356373,200,0.1,3000,200,200,10,0.7564324381626661,0.18944618234160052,0,-0.00020312855779904478,0.010655488574164079,0.010655488574164079,0.6139444293236537,0.6139444293236537,0.9999999999999999,0.33155049988999963
2C_esp_map,1,0,1,3,1.7,1.0,1.0,2.0,3.4641016151377544,2.0062876946712747,200,0.1,3000,200,200,10,0.7537615764641735,2.1376890419340168e-16,1,-0.11224640094302278,-0.1312823663745643,-0.1312823663745643,0.6220188783868397,0.6220188783868397,1.0,0.3368534999899566
2C_esp_map,1,0,1,3,1.8,1.0,1.0,0.0,0.0,0.0,200,0.1,3000,200,200,10,0.7703285852891699,1.015399029500554,0,2.7467846445041116e-05,0.0968923129988716,0.0968923129988716,0.631094498601402,0.631094498601402,1.0,0.33261904097162187
2C_esp_map,1,0,1,3,1.8,1.0,1.0,0.05,0.08660254037844387,0.050157192366781865,200,0.1,3000,200,200,10,0.7708214757269679,0.9814189577108681,0,5.029965749208087e-06,0.09858372785211879,0.09858372785211879,0.6330789417740827,0.6330789417740827,1.001513844296952,0.3303600000217557
2C_esp_map,1,0,1,3,1.8,1.0,1.0,0.1,0.17320508075688773,0.10031438473356373,200,0.1,3000,200,200,10,0.7712962130007558,0.9786049169807498,0,9.110826067751901e-06,0.09792832452599418,0.09792832452599418,0.6300971999076247,0.6300971999076247,1.0,0.3310287499334663
2C_esp_map,1,0,1,3,1.8,1.0,1.0,0.2,0.34641016151377546,0.20062876946712746,200,0.1,3000,200,200,10,0.7721908358263525,0.916139941626906,0,-9.366158825054032e-06,0.09977840532378564,0.09977840532378564,0.6208239240107312,0.6208239240107312,1.0000000000000002,0.3334870000835508
2C_esp_map,1,0,1,3,1.8,1.0,1.0,0.5,0.8660254037844386,0.5015719236678187,200,0.1,3000,200,200,10,0.774428598965997,0.7679021625907851,0,1.3656489109203552e-05,0.08360294283124993,0.08360294283124993,0.6041814851045291,0.6041814851045291,1.0,0.33345841709524393
2C_esp_map,1,0,1,3,1.8,1.0,1.0,1.0,1.7320508075688772,1.0031438473356373,200,0.1,3000,200,200,10,0.7766197588891603,0.4524914800886087,0,-2.6404016497174147e-05,0.03778574664524417,0.03778574664524417,0.6148498528834935,0.6148498528834935,1.0,0.33258420787751675
2C_esp_map,1,0,1,3,1.8,1.0,1.0,2.0,3.4641016151377544,2.0062876946712747,200,0.1,3000,200,200,10,0.7748288322743268,2.6874617384753415e-16,1,-0.07699482523923461,-0.08812457379859075,-0.08812457379859075,0.6216563793568498,0.6216563793568498,1.0,0.3309022500179708
2C_esp_map,1,0,1,3,1.9,1.0,1.0,0.0,0.0,0.0,200,0.1,3000,200,200,10,0.7888544038098638,1.0357093210877588,0,1.366612275376745e-05,0.11637750719552124,0.11637750719552124,0.6153606956132501,0.6153606956132501,1.0,0.32814295892603695
2C_esp_map,1,0,1,3,1.9,1.0,1.0,0.05,0.08660254037844387,0.050157192366781865,200,0.1,3000,200,200,10,0.7893407075678368,1.003930636033699,0,1.2519644543366755e-05,0.11683211443938328,0.11683211443938328,0.6175433443930518,0.6175433443930518,1.0,0.3314167920034379
2C_esp_map,1,0,1,3,1.9,1.0,1.0,0.1,0.17320508075688773,0.10031438473356373,200,0.1,3000,200,200,10,0.789810356001085,1.007471452054806,0,-3.267963974046261e-06,0.11400678372322211,0.11400678372322211,0.6145552216454594,0.6145552216454594,1.0000000000000002,0.332460958044976
2C_esp_map,1,0,1,3,1.9,1.0,1.0,0.2,0.34641016151377546,0.20062876946712746,200,0.1,3000,200,200,10,0.7906993283546975,0.9701125888758668,0,6.330077414360515e-06,0.1140828204100435,0.1140828204100435,0.6283421317234518,0.6283421317234518,1.0,0.3346821670420468
2C_esp_map,1,0,1,3,1.9,1.0,1.0,0.5,0.8660254037844386,0.5015719236678187,200,0.1,3000,200,200,10,0.7929569020360262,0.8728159494171279,0,1.2251447160834797e-05,0.10086925893758737,0.10086925893758737,0.6038218388184478,0.6038218388184478,0.9999999999999997,0.32920612511225045
2C_esp_map,1,0,1,3,1.9,1.0,1.0,1.0,1.7320508075688772,1.0031438473356373,200,0.1,3000,200,200,10,0.7953063477426668,0.6006627695863057,0,-2.3620199969849694e-05,0.06669034637773995,0.06669034637773995,0.6085958324760755,0.6085958324760755,0.9999999999999999,0.33370162500068545
2C_esp_map,1,0,1,3,1.9,1.0,1.0,2.0,3.4641016151377544,2.0062876946712747,200,0.1,3000,200,200,10,0.794303247620146,5.030226169362348e-16,1,-0.051050036479159365,-0.0516125400762727,-0.0516125400762727,0.6212794678917691,0.6212794678917691,1.0000000000000002,0.3322106250561774
2C_esp_map,2,0,1,3,0.4,1.0,1.0,0.0,0.0,0.0,200,0.1,3000,200,200,10,0.2630553643401271,0.0,1,-0.9621198665776574,-0.9169860078488532,-0.9169860078488532,1.1340193563463385,1.1340193563463385,1.6668169125435204,0.3326152078807354
2C_esp_map,2,0,1,3,0.4,1.0,1.0,0.05,0.08660254037844387,0.04941474318037876,200,0.1,3000,200,200,10,0.2628527788436228,1.48926878703348e-18,1,-0.9632456046691148,-0.917798252244169,-0.917798252244169,0.5896633153327074,0.5896633153327074,1.0,0.33022112492471933
2C_esp_map,2,0,1,3,0.4,1.0,1.0,0.1,0.17320508075688773,0.09882948636075752,200,0.1,3000,200,200,10,0.26232062708318304,3.0122014446873737e-18,1,-0.9419385801530084,-0.9202198467685102,-0.9202198467685102,0.5898463933946678,0.5898463933946678,1.0,0.3315815420355648
2C_esp_map,2,0,1,3,0.4,1.0,1.0,0.2,0.34641016151377546,0.19765897272151503,200,0.1,3000,200,200,10,0.26029147380067824,0.0,1,-0.9781828229662943,-0.9296866747497246,-0.9296866747497246,0.5905485180698697,0.5905485180698697,1.0000000000000002,0.328507374972105
2C_esp_map,2,0,1,3,0.4,1.0,1.0,0.5,0.8660254037844386,0.49414743180378756,200,0.1,3000,200,200,10,0.24752783272862067,0.0,1,-1.0440634942945661,-0.9877158140528607,-0.9877158140528607,0.5944747981604072,0.5944747981604072,1.0,0.3320037079975009
2C_esp_map,2,0,1,3,0.4,1.0,1.0,1.0,1.7320508075688772,0.9882948636075751,200,0.1,3000,200,200,10,0.214891969934985,0.0,1,-1.177890321760792,-1.122823658442005,-1.122823658442005,0.601910844470944,0.601910844470944,0.9999999999999999,0.3315360830165446
2C_esp_map,2,0,1,3,0.4,1.0,1.0,2.0,3.4641016151377544,1.9765897272151502,200,0.1,3000,200,200,10,0.16380233243371323,0.0,1,-1.392692853526139,-1.3349640275191925,-1.3349640275191925,0.6116347947916504,0.6116347947916504,0.9999999999999999,0.33182620885781944
2C_esp_map,2,0,1,3,0.5,1.0,1.0,0.0,0.0,0.0,200,0.1,3000,200,200,10,0.32157983072912777,0.0,1,-0.7286347477929264,-0.6938424565346435,-0.6938424565346435,1.5287853444515158,1.5287853444515158,2.0002907938107986,0.3310075839981437
2C_esp_map,2,0,1,3,0.5,1.0,1.0,0.05,0.08660254037844387,0.04941474318037876,200,0.1,3000,200,200,10,0.3213453660988445,2.650583106210446e-18,1,-0.7529555555396409,-0.6947398775680492,-0.6947398775680492,0.5783278986006545,0.5783278986006545,1.0,0.3317644589114934
2C_esp_map,2,0,1,3,0.5,1.0,1.0,0.1,0.17320508075688773,0.09882948636075752,200,0.1,3000,200,200,10,0.32073010690831333,5.158068127844026e-18,1,-0.7276949102224561,-0.6974097473504819,-0.6974097473504819,0.5785929773203352,0.5785929773203352,1.0000000000000002,0.3304200421553105
2C_esp_map,2,0,1,3,0.5,1.0,1.0,0.2,0.34641016151377546,0.19765897272151503,200,0.1,3000,200,200,10,0.3183827578030306,1.0094614556129734e-17,1,-0.7263409164940581,-0.7077714965050502,-0.7077714965050502,0.5795940839836067,0.5795940839836067,1.0000000000000002,0.33065766701474786
2C_esp_map,2,0,1,3,0.5,1.0,1.0,0.5,0.8660254037844386,0.49414743180378756,200,0.1,3000,200,200,10,0.3035416940589434,2.0025351564558318e-17,1,-0.7979962706839431,-0.7694225426982372,-0.7694225426982372,0.5849079354980818,0.5849079354980818,1.0,0.33155795908533037
2C_esp_map,2,0,1,3,0.5,1.0,1.0,1.0,1.7320508075688772,0.9882948636075751,200,0.1,3000,200,200,10,0.26492177295010644,2.1750536333950126e-17,1,-0.9865395632457961,-0.907389814559507,-0.907389814559507,0.5947222718512851,0.5947222718512851,1.0000000000000002,0.3316452919971198
2C_esp_map,2,0,1,3,0.5,1.0,1.0,2.0,3.4641016151377544,1.9765897272151502,200,0.1,3000,200,200,10,0.2026463390539471,0.0,1,-1.176507502801269,-1.1206565383230365,-1.1206565383230365,0.6074645760280654,0.6074645760280654,0.9999999999999999,0.3303874160628766
2C_esp_map,2,0,1,3,0.6,1.0,1.0,0.0,0.0,0.0,200,0.1,3000,200,200,10,0.37634143054096075,0.0,1,-0.5348394974118317,-0.5115208997407246,-0.5115208997407246,1.9677338045819766,1.9677338045819766,2.50051553415,0.3294771669898182
2C_esp_map,2,0,1,3,0.6,1.0,1.0,0.05,0.08660254037844387,0.04941474318037876,200,0.1,3000,200,200,10,0.3760863742214749,3.865918818547178e-18,1,-0.5215189805410699,-0.512558279287174,-0.512558279287174,0.5664369671446567,0.5664369671446567,1.0,0.3294670828618109
2C_esp_map,2,0,1,3,0.6,1.0,1.0,0.1,0.17320508075688773,0.09882948636075752,200,0.1,3000,200,200,10,0.3754128309144534,7.70647343699431e-18,1,-0.5363178728377037,-0.5156324409685614,-0.5156324409685614,0.5668403423561289,0.5668403423561289,1.0,0.33124520792625844
2C_esp_map,2,0,1,3,0.6,1.0,1.0,0.2,0.34641016151377546,0.19765897272151503,200,0.1,3000,200,200,10,0.3728366547545233,1.4741829766499382e-17,1,-0.5498683215531334,-0.5274083946580431,-0.5274083946580431,0.5683257721530152,0.5683257721530152,1.0,0.331644041929394
2C_esp_map,2,0,1,3,0.6,1.0,1.0,0.5,0.8660254037844386,0.49414743180378756,200,0.1,3000,200,200,10,0.35645182971823985,2.8626547349378524e-17,1,-0.6023377595025162,-0.5941894444788622,-0.5941894444788622,0.575559752887333,0.575559752887333,1.0000000000000002,0.33065700018778443
2C_esp_map,2,0,1,3,0.6,1.0,1.0,1.0,1.7320508075688772,0.9882948636075751,200,0.1,3000,200,200,10,0.31301575128795245,3.295059440527344e-17,1,-0.7622964021718877,-0.7357630256176956,-0.7357630256176956,0.5878065176375542,0.5878065176375542,0.9999999999999999,0.331084166187793
2C_esp_map,2,0,1,3,0.6,1.0,1.0,2.0,3.4641016151377544,1.9765897272151502,200,0.1,3000,200,200,10,0.24032588542433023,0.0,1,-0.9994021513236331,-0.9509172855503373,-0.9509172855503373,0.6031892613906474,0.6031892613906474,1.0,0.33115195808932185
2C_esp_map,2,0,1,3,0.7,1.0,1.0,0.0,0.0,0.0,200,0.1,3000,200,200,10,0.42731049607590194,0.0,1,-0.37040804696610247,-0.35737021991344853,-0.35737021991344853,2.8322282552422497,2.8322282552422497,3.3340830641147234,0.33079016697593033
2C_esp_map,2,0,1,3,0.7,1.0,1.0,0.05,0.08660254037844387,0.04941474318037876,200,0.1,3000,200,200,10,0.4270436954046605,5.758679288095222e-18,1,-0.3695298057260953,-0.3586501864252021,-0.3586501864252021,0.553385381402503,0.553385381402503,1.0,0.3329428748693317
2C_esp_map,2,0,1,3,0.7,1.0,1.0,0.1,0.17320508075688773,0.09882948636075752,200,0.1,3000,200,200,10,0.4263328031309311,1.1368230467284839e-17,1,-0.39070225052129887,-0.36241407283349186,-0.36241407283349186,0.5540370036136082,0.5540370036136082,1.0,0.33046187506988645
2C_esp_map,2,0,1,3,0.7,1.0,1.0,0.2,0.34641016151377546,0.19765897272151503,200,0.1,3000,200,200,10,0.4236054916793977,2.1440173596248932e-17,1,-0.3844835410006847,-0.37648485567136464,-0.37648485567136464,0.5563379804688087,0.5563379804688087,1.0,0.3332962498534471
2C_esp_map,2,0,1,3,0.7,1.0,1.0,0.5,0.8660254037844386,0.49414743180378756,200,0.1,3000,200,200,10,0.40616027620217776,3.980079635034247e-17,1,-0.4556315911096626,-0.45035845962623744,-0.45035845962623744,0.566241126502198,0.566241126502198,1.0,0.3324670831207186
2C_esp_map,2,0,1,3,0.7,1.0,1.0,1.0,1.7320508075688772,0.9882948636075751,200,0.1,3000,200,200,10,0.3590713317746774,4.3441659128641316e-17,1,-0.6016943950232088,-0.5959894318783954,-0.5959894318783954,0.5810884806619969,0.5810884806619969,1.0000000000000002,0.33240037481300533
2C_esp_map,2,0,1,3,0.7,1.0,1.0,2.0,3.4641016151377544,1.9765897272151502,200,0.1,3000,200,200,10,0.2768258832045115,0.0,1,-0.8493868155708176,-0.8128757290626252,-0.8128757290626252,0.5988820394843444,0.5988820394843444,1.0000000000000002,0.33315970888361335
2C_esp_map,2,0,1,3,0.8,1.0,1.0,0.0,0.0,0.0,200,0.1,3000,200,200,10,0.47459184173505425,0.0,1,-0.2289719343636271,-0.22383882728892218,-0.22383882728892218,4.512346114368455,4.512346114368455,5.0003099070954455,0.3320299999322742
2C_esp_map,2,0,1,3,0.8,1.0,1.0,0.05,0.08660254037844387,0.04941474318037876,200,0.1,3000,200,200,10,0.47431871155026617,8.989252884257338e-18,1,-0.2306524766402692,-0.22558216661547906,-0.22558216661547906,0.5386914898419505,0.5386914898419505,1.0000000000000002,0.3293581670150161
2C_esp_map,2,0,1,3,0.8,1.0,1.0,0.1,0.17320508075688773,0.09882948636075752,200,0.1,3000,200,200,10,0.473586222748842,1.721227201166305e-17,1,-0.23534691047514844,-0.23062201560386877,-0.23062201560386877,0.5398164695465674,0.5398164695465674,1.0,0.33205912518315017
2C_esp_map,2,0,1,3,0.8,1.0,1.0,0.2,0.34641016151377546,0.19765897272151503,200,0.1,3000,200,200,10,0.47077008189632313,3.074375900895666e-17,1,-0.24995405395752912,-0.24856376512918,-0.24856376512918,0.5435122397974872,0.5435122397974872,1.0,0.333211834076792
2C_esp_map,2,0,1,3,0.8,1.0,1.0,0.5,0.8660254037844386,0.49414743180378756,200,0.1,3000,200,200,10,0.4526740027809628,5.285443584730394e-17,1,-0.32601692138661514,-0.3318018140373163,-0.3318018140373163,0.557030376687743,0.557030376687743,0.9999999999999999,0.3334064590744674
2C_esp_map,2,0,1,3,0.8,1.0,1.0,1.0,1.7320508075688772,0.9882948636075751,200,0.1,3000,200,200,10,0.4030209401959216,5.539203188433494e-17,1,-0.4770388655022363,-0.48122439913161136,-0.48122439913161136,0.5745791480505642,0.5745791480505642,1.0,0.3338603749871254
2C_esp_map,2,0,1,3,0.8,1.0,1.0,2.0,3.4641016151377544,1.9765897272151502,200,0.1,3000,200,200,10,0.3122125703568526,4.2719159697419924e-17,1,-0.706055148551369,-0.6980281252859577,-0.6980281252859577,0.5946365992916753,0.5946365992916753,1.0,0.3315870841033757
2C_esp_map,2,0,1,3,0.9,1.0,1.0,0.0,0.0,0.0,200,0.1,3000,200,200,10,0.5183695487065325,3.0062395951908405e-134,1,-0.1058684175839164,-0.10605579163253134,-0.10605579163253134,9.50413225792456,9.50413225792456,9.991890881965476,0.33122016699053347
2C_esp_map,2,0,1,3,0.9,1.0,1.0,0.05,0.08660254037844387,0.04941474318037876,200,0.1,3000,200,200,10,0.5180921695973166,1.5189342111037495e-17,1,-0.10932580395702614,-0.1088370844857738,-0.1088370844857738,0.5241238049284407,0.5241238049284407,1.0,0.3325083749368787
2C_esp_map,2,0,1,3,0.9,1.0,1.0,0.1,0.17320508075688773,0.09882948636075752,200,0.1,3000,200,200,10,0.5173487355181302,2.9771362192739974e-17,1,-0.11930387764353596,-0.11652439994618306,-0.11652439994618306,0.5260477467867448,0.5260477467867448,1.0000000000000002,0.33476212504319847
2C_esp_map,2,0,1,3,0.9,1.0,1.0,0.2,0.34641016151377546,0.19765897272151503,200,0.1,3000,200,200,10,0.5144906176558757,4.9015378318766474e-17,1,-0.141433568451316,-0.1411423522021203,-0.1411423522021203,0.5315384682686831,0.5315384682686831,0.9999999999999999,0.3309940421022475
2C_esp_map,2,0,1,3,0.9,1.0,1.0,0.5,0.8660254037844386,0.49414743180378756,200,0.1,3000,200,200,10,0.4960729101087617,6.944009361085138e-17,1,-0.22993088424147365,-0.23545853393822927,-0.23545853393822927,0.5485379930057641,0.5485379930057641,1.0,0.3317483749706298
2C_esp_map,2,0,1,3,0.9,1.0,1.0,1.0,1.7320508075688772,0.9882948636075751,200,0.1,3000,200,200,10,0.4448188206223985,6.919089716361516e-17,1,-0.4217949149915958,-0.38741418477693446,-0.38741418477693446,0.5684384306250492,0.5684384306250492,1.0,0.3344274170231074
2C_esp_map,2,0,1,3,0.9,1.0,1.0,2.0,3.4641016151377544,1.9765897272151502,200,0.1,3000,200,200,10,0.3466015248249432,5.3099493184675683e-17,1,-0.6127693438757968,-0.5963593923397309,-0.5963593923397309,0.5905350875012716,0.5905350875012716,1.0,0.33304350008256733
2C_esp_map,2,0,1,3,1.0,1.0,1.0,0.0,0.0,0.0,200,0.1,3000,200,200,10,0.5588674244976176,0.027933703661244945,0,-0.0003554797162247924,-0.0019195422034017728,-0.0019195422034017728,nan,200.0,164.8767786069974,0.3337501250207424
2C_esp_map,2,0,1,3,1.0,1.0,1.0,0.05,0.08660254037844387,0.04941474318037876,200,0.1,3000,200,200,10,0.558585300316143,1.6340566986294887e-09,1,-0.0061643924616854055,-0.006890311194427051,-0.006890311194427051,0.5302126235581012,0.5302126235581012,1.0,0.3323672499973327
2C_esp_map,2,0,1,3,1.0,1.0,1.0,0.1,0.17320508075688773,0.09882948636075752,200,0.1,3000,200,200,10,0.5578373539242801,6.385629962508331e-17,1,-0.02057294128350381,-0.020842266909764626,-0.020842266909764626,0.5251579177970898,0.5251579177970898,1.0,0.32873508404009044
2C_esp_map,2,0,1,3,1.0,1.0,1.0,0.2,0.34641016151377546,0.19765897272151503,200,0.1,3000,200,200,10,0.5549706990191541,8.583771170919181e-17,1,-0.05786964453575359,-0.055838168634894776,-0.055838168634894776,0.5269220252009587,0.5269220252009587,1.0,0.33034295798279345
2C_esp_map,2,0,1,3,1.0,1.0,1.0,0.5,0.8660254037844386,0.49414743180378756,200,0.1,3000,200,200,10,0.5364851316032208,9.28581034782631e-17,1,-0.15864367068562948,-0.15989944466096093,-0.15989944466096093,0.5423108128558254,0.5423108128558254,1.0,0.3296297090128064
2C_esp_map,2,0,1,3,1.0,1.0,1.0,1.0,1.7320508075688772,0.9882948636075751,200,0.1,3000,200,200,10,0.484438663093155,8.443239638356644e-17,1,-0.29362111502953936,-0.3100283707402303,-0.3100283707402303,0.5630007996403089,0.5630007996403089,1.0,0.3291864169295877
2C_esp_map,2,0,1,3,1.0,1.0,1.0,2.0,3.4641016151377544,1.9765897272151502,200,0.1,3000,200,200,10,0.38011713907920947,6.435610898049434e-17,1,-0.5104890323778801,-0.5104329418171324,-0.5104329418171324,0.5866410921482265,0.5866410921482265,1.0,0.330356459133327
2C_esp_map,2,0,1,3,1.1,1.0,1.0,0.0,0.0,0.0,200,0.1,3000,200,200,10,0.5963235165153083,0.662836857481179,0,1.3993976146366984e-05,-0.05675411000946815,-0.05675411000946815,2.139480327996033,2.139480327996033,2.246035098535198,0.33330133301205933
2C_esp_map,2,0,1,3,1.1,1.0,1.0,0.05,0.08660254037844387,0.04941474318037876,200,0.1,3000,200,200,10,0.5960345647995366,0.6456187432117264,0,1.1578716991862685e-05,-0.05632718315831499,-0.05632718315831499,0.5410293427990637,0.5410293427990637,1.0,0.3323723750654608
2C_esp_map,2,0,1,3,1.1,1.0,1.0,0.1,0.17320508075688773,0.09882948636075752,200,0.1,3000,200,200,10,0.5952854943494749,0.5883780194852919,0,2.078496256125917e-05,-0.05549398126187256,-0.05549398126187256,0.5456399331449963,0.5456399331449963,1.0,0.3330108751542866
2C_esp_map,2,0,1,3,1.1,1.0,1.0,0.2,0.34641016151377546,0.19765897272151503,200,0.1,3000,200,200,10,0.5924331992088951,5.445010645589333e-09,1,-0.00603606827972965,-0.007811206768604612,-0.007811206768604612,0.5851150373100158,0.5851150373100158,1.0,0.3310524169355631
2C_esp_map,2,0,1,3,1.1,1.0,1.0,0.5,0.8660254037844386,0.49414743180378756,200,0.1,3000,200,200,10,0.5740687585627068,1.2593900355100098e-16,1,-0.10468061686395333,-0.1037509963919039,-0.1037509963919039,0.5404886852929036,0.5404886852929036,1.0,0.3317529170308262
2C_esp_map,2,0,1,3,1.1,1.0,1.0,1.0,1.7320508075688772,0.9882948636075751,200,0.1,3000,200,200,10,0.5218769344626718,1.0268683487822047e-16,1,-0.22661625051335504,-0.24923215346507102,-0.24923215346507102,0.5587080272427365,0.5587080272427365,1.0,0.3292540409602225
2C_esp_map,2,0,1,3,1.1,1.0,1.0,2.0,3.4641016151377544,1.9765897272151502,200,0.1,3000,200,200,10,0.41285579861080696,7.987868379891095e-17,1,-0.41548453356697645,-0.4349362219257782,-0.4349362219257782,0.583018017488699,0.583018017488699,1.0,0.3306749169714749
2C_esp_map,2,0,1,3,1.2,1.0,1.0,0.0,0.0,0.0,200,0.1,3000,200,200,10,0.6309749911711001,0.8867036539942094,0,1.079148949510777e-05,-0.06402854655012354,-0.06402854655012354,2.1408114348359226,2.1408114348359226,2.240272992698678,0.329887333791703
2C_esp_map,2,0,1,3,1.2,1.0,1.0,0.05,0.08660254037844387,0.04941474318037876,200,0.1,3000,200,200,10,0.6306764725477717,0.8759836257546556,0,1.1949022170098956e-05,-0.06311467067082203,-0.06311467067082203,0.5454438299769373,0.5454438299769373,1.0000000000000002,0.3311229171231389
2C_esp_map,2,0,1,3,1.2,1.0,1.0,0.1,0.17320508075688773,0.09882948636075752,200,0.1,3000,200,200,10,0.6299277485715538,0.8432015714258716,0,1.3586662393403018e-05,-0.060301960947700024,-0.060301960947700024,0.5504462496922631,0.5504462496922631,1.0000000000000002,0.3320902921259403
2C_esp_map,2,0,1,3,1.2,1.0,1.0,0.2,0.34641016151377546,0.19765897272151503,200,0.1,3000,200,200,10,0.627105032788501,0.6833077399763142,0,4.0372041798275025e-05,-0.0524487735412695,-0.0524487735412695,0.5642938004954546,0.5642938004954546,1.0,0.33364966697990894
2C_esp_map,2,0,1,3,1.2,1.0,1.0,0.5,0.8660254037844386,0.49414743180378756,200,0.1,3000,200,200,10,0.6089984844190092,1.7323280420632684e-16,1,-0.06761806339512678,-0.06477517438862625,-0.06477517438862625,0.5444405824985772,0.5444405824985772,1.0,0.3324803749565035
2C_esp_map,2,0,1,3,1.2,1.0,1.0,1.0,1.7320508075688772,0.9882948636075751,200,0.1,3000,200,200,10,0.5571564375860376,1.2757001221222445e-16,1,-0.1796069875242296,-0.19732463482201884,-0.19732463482201884,0.5559581501286396,0.5559581501286396,1.0,0.3305151660460979
2C_esp_map,2,0,1,3,1.2,1.0,1.0,2.0,3.4641016151377544,1.9765897272151502,200,0.1,3000,200,200,10,0.44486163271382995,9.012819219952398e-17,1,-0.33843973420095574,-0.36774959713564565,-0.36774959713564565,0.5797502258278466,0.5797502258278466,1.0000000000000002,0.333105375058949
2C_esp_map,2,0,1,3,1.3,1.0,1.0,0.0,0.0,0.0,200,0.1,3000,200,200,10,0.663049831601062,1.0339099390320028,0,1.2592565751726485e-05,-0.06604619501849622,-0.06604619501849622,0.36113880667587017,0.36113880667587017,0.9999999999999968,0.3315727908629924
2C_esp_map,2,0,1,3,1.3,1.0,1.0,0.05,0.08660254037844387,0.04941474318037876,200,0.1,3000,200,200,10,0.6627390705232679,1.0252025340364832,0,1.3436715901927242e-05,-0.06710510133402368,-0.06710510133402368,0.5532452328890842,0.5532452328890842,1.0,0.3324999171309173
2C_esp_map,2,0,1,3,1.3,1.0,1.0,0.1,0.17320508075688773,0.09882948636075752,200,0.1,3000,200,200,10,0.6619911580549012,0.9994232651415986,0,1.328467332124787e-05,-0.0702247649041395,-0.0702247649041395,0.5578815083404471,0.5578815083404471,1.0,0.3367456248961389
2C_esp_map,2,0,1,3,1.3,1.0,1.0,0.2,0.34641016151377546,0.19765897272151503,200,0.1,3000,200,200,10,0.6592080017093731,0.8906701297950117,0,3.0672372113397496e-05,-0.05504323603312936,-0.05504323603312936,0.5729956916162146,0.5729956916162146,1.0,0.3322138339281082
2C_esp_map,2,0,1,3,1.3,1.0,1.0,0.5,0.8660254037844386,0.49414743180378756,200,0.1,3000,200,200,10,0.641455892918081,2.5297361450929636e-16,1,-0.04964161122311828,-0.040536654572663526,-0.040536654572663526,0.5539679182138075,0.5539679182138075,0.9999999999999997,0.3326009588781744
2C_esp_map,2,0,1,3,1.3,1.0,1.0,1.0,1.7320508075688772,0.9882948636075751,200,0.1,3000,200,200,10,0.5903270333830989,1.5794931030246634e-16,1,-0.14425841448924404,-0.1490294934134975,-0.1490294934134975,0.55502038168927,0.55502038168927,1.0,0.3315735829528421
2C_esp_map,2,0,1,3,1.3,1.0,1.0,2.0,3.4641016151377544,1.9765897272151502,200,0.1,3000,200,200,10,0.4761188213522698,1.0248654892524377e-16,1,-0.2709089464677804,-0.3092781085861165,-0.3092781085861165,0.576931361004143,0.576931361004143,1.0,0.3314201671164483
2C_esp_map,2,0,1,3,1.4,1.0,1.0,0.0,0.0,0.0,200,0.1,3000,200,200,10,0.6927626962619887,1.1420908440239814,0,2.1705807207285615e-05,-0.040450293885437964,-0.040450293885437964,0.33250177751995724,0.33250177751995724,1.0,0.33178479108028114
2C_esp_map,2,0,1,3,1.4,1.0,1.0,0.05,0.08660254037844387,0.04941474318037876,200,0.1,3000,200,200,10,0.6924375543171702,1.133857490497564,0,1.92472055344951e-05,-0.042189088796198336,-0.042189088796198336,0.5604165579123896,0.5604165579123896,1.0,0.33248795894905925
2C_esp_map,2,0,1,3,1.4,1.0,1.0,0.1,0.17320508075688773,0.09882948636075752,200,0.1,3000,200,200,10,0.6916905624374697,1.1102094604306054,0,1.533383499229603e-05,-0.045459920498499964,-0.045459920498499964,0.5663037747897816,0.5663037747897816,1.0,0.33301945799030364
2C_esp_map,2,0,1,3,1.4,1.0,1.0,0.2,0.34641016151377546,0.19765897272151503,200,0.1,3000,200,200,10,0.6889535735854113,1.0165581127034478,0,4.0380080341259764e-05,-0.04531977762558828,-0.04531977762558828,0.5822705995730392,0.5822705995730392,1.0000000000000002,0.3337456660810858
2C_esp_map,2,0,1,3,1.4,1.0,1.0,0.5,0.8660254037844386,0.49414743180378756,200,0.1,3000,200,200,10,0.6716224854185414,4.899061456950182e-16,1,-0.017810553316289272,-0.017599618712655998,-0.017599618712655998,0.5680390065957813,0.5680390065957813,1.0000000000000002,0.330902875168249
2C_esp_map,2,0,1,3,1.4,1.0,1.0,1.0,1.7320508075688772,0.9882948636075751,200,0.1,3000,200,200,10,0.6214630337165462,1.8707168514878604e-16,1,-0.10591160791246713,-0.10493378482459793,-0.10493378482459793,0.5559387982269117,0.5559387982269117,1.0,0.33137454092502594
2C_esp_map,2,0,1,3,1.4,1.0,1.0,2.0,3.4641016151377544,1.9765897272151502,200,0.1,3000,200,200,10,0.5065595908550924,1.2533301963192776e-16,1,-0.22121005080193293,-0.25461460492418253,-0.25461460492418253,0.5746361740632757,0.5746361740632757,1.0,0.33291966700926423
2C_esp_map,2,0,1,3,1.5,1.0,1.0,0.0,0.0,0.0,200,0.1,3000,200,200,10,0.7203131869195677,1.2260429831587345,0,1.935728046686997e-05,-0.021028639219527533,-0.021028639219527533,0.3288331896554627,0.3288331896554627,0.9999999999999903,0.3331063750665635
2C_esp_map,2,0,1,3,1.5,1.0,1.0,0.05,0.08660254037844387,0.04941474318037876,200,0.1,3000,200,200,10,0.7199723127426649,1.2174303214198257,0,1.7351356044846187e-05,-0.02211696820463505,-0.02211696820463505,0.5581736274594127,0.5581736274594127,1.0,0.33425958291627467
2C_esp_map,2,0,1,3,1.5,1.0,1.0,0.1,0.17320508075688773,0.09882948636075752,200,0.1,3000,200,200,10,0.7192264018754613,1.1920960271507446,0,1.290233335653089e-05,-0.026944095324133246,-0.026944095324133246,0.5693012292455899,0.5693012292455899,1.0,0.33295095805078745
2C_esp_map,2,0,1,3,1.5,1.0,1.0,0.2,0.34641016151377546,0.19765897272151503,200,0.1,3000,200,200,10,0.7165401340918105,1.1027992434354772,0,2.3225696633252595e-05,-0.025557673895625955,-0.025557673895625955,0.5901784136080184,0.5901784136080184,0.9999999999999999,0.33164274995215237
2C_esp_map,2,0,1,3,1.5,1.0,1.0,0.5,0.8660254037844386,0.49414743180378756,200,0.1,3000,200,200,10,0.6996748159416928,0.31046381272926493,0,0.00022694567930131324,0.00941591070012603,0.00941591070012603,0.5902850579797886,0.5902850579797886,0.9999999999999999,0.3341740418691188
2C_esp_map,2,0,1,3,1.5,1.0,1.0,1.0,1.7320508075688772,0.9882948636075751,200,0.1,3000,200,200,10,0.650658234807578,2.4131645685041805e-16,1,-0.07146413426605171,-0.0675777457342331,-0.0675777457342331,0.5584568337094982,0.5584568337094982,1.0000000000000002,0.3321715828496963
2C_esp_map,2,0,1,3,1.5,1.0,1.0,2.0,3.4641016151377544,1.9765897272151502,200,0.1,3000,200,200,10,0.5360829936899153,1.4518017845873292e-16,1,-0.1836027602163433,-0.20286230443600853,-0.20286230443600853,0.5729096323219203,0.5729096323219203,1.0,0.34005262493155897
2C_esp_map,2,0,1,3,1.6,1.0,1.0,0.0,0.0,0.0,200,0.1,3000,200,200,10,0.7458854582824133,1.2933663813432235,0,1.2980047553433884e-05,-0.005873457180267077,-0.005873457180267077,0.32880320204029,0.32880320204029,1.0,0.3328547920100391
2C_esp_map,2,0,1,3,1.6,1.0,1.0,0.05,0.08660254037844387,0.04941474318037876,200,0.1,3000,200,200,10,0.7455283647705608,1.282446691148981,0,1.4684522078567895e-05,-0.01039218409716222,-0.01039218409716222,0.5334884934626077,0.5334884934626077,1.0,0.33043054095469415
2C_esp_map,2,0,1,3,1.6,1.0,1.0,0.1,0.17320508075688773,0.09882948636075752,200,0.1,3000,200,200,10,0.7447839616125701,1.2547232340499148,0,2.256072760396618e-05,-0.013995132318462654,-0.013995132318462654,0.5675715178807343,0.5675715178807343,1.0,0.330227208789438
2C_esp_map,2,0,1,3,1.6,1.0,1.0,0.2,0.34641016151377546,0.19765897272151503,200,0.1,3000,200,200,10,0.7421517757159086,1.1646407599773874,0,2.6834900849293034e-05,-0.004116203131148253,-0.004116203131148253,0.6037594450446343,0.6037594450446343,1.0,0.33249412500299513
2C_esp_map,2,0,1,3,1.6,1.0,1.0,0.5,0.8660254037844386,0.49414743180378756,200,0.1,3000,200,200,10,0.7257812651655553,0.5817062657209457,0,3.5014159777238824e-05,0.0333968707406136,0.0333968707406136,0.6008883907715692,0.6008883907715692,1.0,0.33470941707491875
2C_esp_map,2,0,1,3,1.6,1.0,1.0,1.0,1.7320508075688772,0.9882948636075751,200,0.1,3000,200,200,10,0.6780199237585859,3.8681754436264534e-16,1,-0.03375827333076803,-0.03097053635699921,-0.03097053635699921,0.5620029129495061,0.5620029129495061,1.0,0.3343258330132812
2C_esp_map,2,0,1,3,1.6,1.0,1.0,2.0,3.4641016151377544,1.9765897272151502,200,0.1,3000,200,200,10,0.5645774514411251,1.6970383773488366e-16,1,-0.15028461589428613,-0.15760597927061562,-0.15760597927061562,0.5717429344979182,0.5717429344979182,1.0,0.33367620897479355
2C_esp_map,2,0,1,3,1.7,1.0,1.0,0.0,0.0,0.0,200,0.1,3000,200,200,10,0.7696485498531836,1.347057124002974,0,1.138675141813093e-05,-0.000642097396388816,-0.000642097396388816,0.34060774369611185,0.34060774369611185,1.0,0.3349263749551028
2C_esp_map,2,0,1,3,1.7,1.0,1.0,0.05,0.08660254037844387,0.04941474318037876,200,0.1,3000,200,200,10,0.7692755735872663,1.3321599859519297,0,2.6938737668935716e-05,-0.0041637976403855114,-0.0041637976403855114,0.5007773502625773,0.5007773502625773,1.0000000000000002,0.33305312506854534
2C_esp_map,2,0,1,3,1.7,1.0,1.0,0.1,0.17320508075688773,0.09882948636075752,200,0.1,3000,200,200,10,0.7685334492162496,1.2987888266660677,0,4.4338629628485953e-05,-0.0009789191427286978,-0.0009789191427286978,0.6381427392716714,0.6381427392716714,1.2182713181623708,0.3320090000052005
2C_esp_map,2,0,1,3,1.7,1.0,1.0,0.2,0.34641016151377546,0.19765897272151503,200,0.1,3000,200,200,10,0.7659580328890844,1.2125018616857788,0,2.589866036232612e-05,0.020628765945822157,0.020628765945822157,0.6164646198320912,0.6164646198320912,1.0000000000000002,0.33200125000439584
2C_esp_map,2,0,1,3,1.7,1.0,1.0,0.5,0.8660254037844386,0.49414743180378756,200,0.1,3000,200,200,10,0.7501000789443021,0.7098603348317627,0,-8.307639874778323e-06,0.05909875156118255,0.05909875156118255,0.6277279062188186,0.6277279062188186,1.0,0.3317875419743359
2C_esp_map,2,0,1,3,1.7,1.0,1.0,1.0,1.7320508075688772,0.9882948636075751,200,0.1,3000,200,200,10,0.7036629539805888,0.06708593691323614,0,-0.00023976705383958177,0.0008696235350473717,0.0008696235350473717,0.5662617651321529,0.5662617651321529,1.0,0.3391736669000238
2C_esp_map,2,0,1,3,1.7,1.0,1.0,2.0,3.4641016151377544,1.9765897272151502,200,0.1,3000,200,200,10,0.5919406503737374,2.0533592513980814e-16,1,-0.11838593812991585,-0.11773002264128586,-0.11773002264128586,0.5710344644429306,0.5710344644429306,1.0,0.3305668749380857
2C_esp_map,2,0,1,3,1.8,1.0,1.0,0.0,0.0,0.0,200,0.1,3000,200,200,10,0.7917570913734432,1.3892977707406362,0,1.5124652489569912e-05,0.00193756309857865,0.00193756309857865,0.47947810169388183,0.47947810169388183,1.0,0.33073483407497406
2C_esp_map,2,0,1,3,1.8,1.0,1.0,0.05,0.08660254037844387,0.04941474318037876,200,0.1,3000,200,200,10,0.7913692820640613,1.3671513156562385,0,1.3304082159133145e-05,0.010839372239178932,0.010839372239178932,0.5277396529529034,0.5277396529529034,1.0,0.33081008307635784
2C_esp_map,2,0,1,3,1.8,1.0,1.0,0.1,0.17320508075688773,0.09882948636075752,200,0.1,3000,200,200,10,0.7906305424272146,1.3209335396189703,0,1.3852689265936087e-05,0.027427512748850698,0.027427512748850698,0.5888595403849473,0.5888595403849473,1.0,0.3328190001193434
2C_esp_map,2,0,1,3,1.8,1.0,1.0,0.2,0.34641016151377546,0.19765897272151503,200,0.1,3000,200,200,10,0.7881141927913075,1.2425748328282173,0,0.0003028059899879933,0.053157899393041316,0.053157899393041316,126.94035876986942,126.94035876986942,79.3266372539498,0.33193699992261827
2C_esp_map,2,0,1,3,1.8,1.0,1.0,0.5,0.8660254037844386,0.49414743180378756,200,0.1,3000,200,200,10,0.7727783599780329,0.7378012277938314,0,-2.6991831765132206e-05,0.07835445947490216,0.07835445947490216,0.6192096757744909,0.6192096757744909,0.9999999999999999,0.33064845902845263
2C_esp_map,2,0,1,3,1.8,1.0,1.0,1.0,1.7320508075688772,0.9882948636075751,200,0.1,3000,200,200,10,0.7277045769853686,0.3346864791615949,0,2.0296602366056537e-05,0.03144141459782615,0.03144141459782615,0.5699628612428919,0.5699628612428919,1.0000000000000002,0.3340099169872701
2C_esp_map,2,0,1,3,1.8,1.0,1.0,2.0,3.4641016151377544,1.9765897272151502,200,0.1,3000,200,200,10,0.6180931063295602,2.7117583973952835e-16,1,-0.08191779147180202,-0.0779105540454522,-0.0779105540454522,0.5706966988197041,0.5706966988197041,1.0000000000000002,0.3355252919718623
2C_esp_map,2,0,1,3,1.9,1.0,1.0,0.0,0.0,0.0,200,0.1,3000,200,200,10,0.8123521885597291,1.400520556634782,0,3.6970559509403964e-05,0.04575712623230167,0.04575712623230167,0.6862349094673664,0.6862349094673664,5.123707281053768,0.3326987500768155
2C_esp_map,2,0,1,3,1.9,1.0,1.0,0.05,0.08660254037844387,0.04941474318037876,200,0.1,3000,200,200,10,0.8119511652125168,1.357322400738319,0,2.34594947654568e-05,0.04485528959032743,0.04485528959032743,0.5985434626719537,0.5985434626719537,1.0000000000000002,0.3323162079323083
2C_esp_map,2,0,1,3,1.9,1.0,1.0,0.1,0.17320508075688773,0.09882948636075752,200,0.1,3000,200,200,10,0.8112171924120601,1.276636468632295,0,4.0766212521603115e-05,0.06056515182119232,0.06056515182119232,0.995779936990327,0.995779936990327,43.257653666117456,0.33396358299069107
2C_esp_map,2,0,1,3,1.9,1.0,1.0,0.2,0.34641016151377546,0.19765897272151503,200,0.1,3000,200,200,10,0.8087619465029139,1.1680387858140384,0,1.8277688132555144e-05,0.08653102563935607,0.08653102563935607,0.9834105541529233,0.9834105541529233,61.25287270807936,0.3314544160384685
2C_esp_map,2,0,1,3,1.9,1.0,1.0,0.5,0.8660254037844386,0.49414743180378756,200,0.1,3000,200,200,10,0.7939517528656644,0.8520368359900956,0,6.900520210440358e-06,0.0974959745127826,0.0974959745127826,0.6297274791018517,0.6297274791018517,1.0,0.3316594590432942
2C_esp_map,2,0,1,3,1.9,1.0,1.0,1.0,1.7320508075688772,0.9882948636075751,200,0.1,3000,200,200,10,0.7502603527201193,0.5009884608454503,0,6.281300630321103e-06,0.058489768699530764,0.058489768699530764,0.5764783116298181,0.5764783116298181,1.0,0.3322104581166059
2C_esp_map,2,0,1,3,1.9,1.0,1.0,2.0,3.4641016151377544,1.9765897272151502,200,0.1,3000,200,200,10,0.6429848189844461,3.4651251982743724e-16,1,-0.057550568372540946,-0.042078404860220936,-0.042078404860220936,0.5708003616374737,0.5708003616374737,1.0,0.3317818751093
