task,method,washout,replicate,alpha,n_lags,nrmse,nrmse_std,n_train,n_val,n_test,t0,pad_series,wall_time_s
mackey_glass,linear,0,0,1e-10,0,0.14538695713845814,8.161262066998424e-05,3968,1190,2778,64,False,0.0008830828592181206
mackey_glass,delay_line,0,0,1e-10,64,0.000535746153103421,6.195142256905049e-06,3968,1190,2778,64,False,0.0047944579273462296
mackey_glass,esn,0,0,1e-10,0,0.0008195394118156538,9.055911358716468e-05,3968,1190,2778,64,False,0.005981584079563618
mackey_glass,linear,0,1,1e-10,0,0.1453529816883302,8.161262066998424e-05,3968,1190,2778,64,False,0.0007228748872876167
mackey_glass,delay_line,0,1,1e-10,64,0.0005210198523124543,6.195142256905049e-06,3968,1190,2778,64,False,0.0045906249433755875
mackey_glass,esn,0,1,1e-10,0,0.0006641603157941813,9.055911358716468e-05,3968,1190,2778,64,False,0.005533041898161173
mackey_glass,linear,0,2,0.1,0,0.14555988053980118,8.161262066998424e-05,3968,1190,2778,64,False,0.0007114999461919069
mackey_glass,delay_line,0,2,1e-10,64,0.0005283305721207418,6.195142256905049e-06,3968,1190,2778,64,False,0.004608457908034325
mackey_glass,esn,0,2,1e-10,0,0.000753778575543034,9.055911358716468e-05,3968,1190,2778,64,False,0.005417208885774016
mackey_glass,linear,0,3,0.01,0,0.14543804568492122,8.161262066998424e-05,3968,1190,2778,64,False,0.0006552080158144236
mackey_glass,delay_line,0,3,1e-10,64,0.0005227955449800315,6.195142256905049e-06,3968,1190,2778,64,False,0.00452791596762836
mackey_glass,esn,0,3,1e-10,0,0.0005816394652095019,9.055911358716468e-05,3968,1190,2778,64,False,0.005357875023037195
mackey_glass,linear,0,4,1e-10,0,0.1453844153700312,8.161262066998424e-05,3968,1190,2778,64,False,0.0006429590284824371
mackey_glass,delay_line,0,4,1e-10,64,0.0005321951991280047,6.195142256905049e-06,3968,1190,2778,64,False,0.004561124835163355
mackey_glass,esn,0,4,1e-10,0,0.000727683567183725,9.055911358716468e-05,3968,1190,2778,64,False,0.005356208886951208
delay_parity,linear,0,0,1e-09,0,1.000134175328706,0.00021058627561498872,3968,1190,2778,64,False,0.0006919170264154673
delay_parity,delay_line,0,0,100.0,8,1.0003313701382888,0.0007118410674150749,3968,1190,2778,64,False,0.0044286251068115234
delay_parity,esn,0,0,0.001,0,0.07493158257601776,0.016530591014313947,3968,1190,2778,64,False,0.005376082845032215
delay_parity,linear,0,1,100.0,0,1.0001032319301868,0.00021058627561498872,3968,1190,2778,64,False,0.0006794589571654797
delay_parity,delay_line,0,1,100.0,1,0.9999640908057624,0.0007118410674150749,3968,1190,2778,64,False,0.004490082850679755
delay_parity,esn,0,1,0.001,0,0.07303290352008275,0.016530591014313947,3968,1190,2778,64,False,0.005373083986341953
delay_parity,linear,0,2,1e-10,0,1.0004975117963357,0.00021058627561498872,3968,1190,2778,64,False,0.0006105841603130102
delay_parity,delay_line,0,2,1e-10,8,1.001670936902105,0.0007118410674150749,3968,1190,2778,64,False,0.004291000077500939
delay_parity,esn,0,2,0.001,0,0.08918195234051937,0.016530591014313947,3968,1190,2778,64,False,0.005361875053495169
delay_parity,linear,0,3,100.0,0,1.000464911933947,0.00021058627561498872,3968,1190,2778,64,False,0.0006510410457849503
delay_parity,delay_line,0,3,100.0,2,1.0005324994368539,0.0007118410674150749,3968,1190,2778,64,False,0.004362625069916248
delay_parity,esn,0,3,0.0001,0,0.11302283365169156,0.016530591014313947,3968,1190,2778,64,False,0.00542608299292624
delay_parity,linear,0,4,1e-08,0,1.0005370336172519,0.00021058627561498872,3968,1190,2778,64,False,0.0006842080038040876
delay_parity,delay_line,0,4,1e-09,4,1.001332989197888,0.0007118410674150749,3968,1190,2778,64,False,0.004422707948833704
delay_parity,esn,0,4,0.0001,0,0.09699899040191408,0.016530591014313947,3968,1190,2778,64,False,0.005344207864254713
mackey_glass,linear,50,0,1e-10,0,0.14538695713845814,8.161262066998424e-05,3968,1190,2778,64,False,0.0006221670191735029
mackey_glass,delay_line,50,0,1e-10,64,0.000535746153103421,6.195142256905049e-06,3968,1190,2778,64,False,0.004556416999548674
mackey_glass,esn,50,0,1e-10,0,0.0008195394118156538,9.055911358716468e-05,3968,1190,2778,64,False,0.005257500102743506
mackey_glass,linear,50,1,1e-10,0,0.1453529816883302,8.161262066998424e-05,3968,1190,2778,64,False,0.0006304171402007341
mackey_glass,delay_line,50,1,1e-10,64,0.0005210198523124543,6.195142256905049e-06,3968,1190,2778,64,False,0.004499749979004264
mackey_glass,esn,50,1,1e-10,0,0.0006641603157941813,9.055911358716468e-05,3968,1190,2778,64,False,0.0054726251401007175
mackey_glass,linear,50,2,0.1,0,0.14555988053980118,8.161262066998424e-05,3968,1190,2778,64,False,0.0005912079941481352
mackey_glass,delay_line,50,2,1e-10,64,0.0005283305721207418,6.195142256905049e-06,3968,1190,2778,64,False,0.004538040840998292
mackey_glass,esn,50,2,1e-10,0,0.000753778575543034,9.055911358716468e-05,3968,1190,2778,64,False,0.005562375066801906
mackey_glass,linear,50,3,0.01,0,0.14543804568492122,8.161262066998424e-05,3968,1190,2778,64,False,0.00067295809276402
mackey_glass,delay_line,50,3,1e-10,64,0.0005227955449800315,6.195142256905049e-06,3968,1190,2778,64,False,0.0045932920183986425
mackey_glass,esn,50,3,1e-10,0,0.0005816394652095019,9.055911358716468e-05,3968,1190,2778,64,False,0.0053243329748511314
mackey_glass,linear,50,4,1e-10,0,0.1453844153700312,8.161262066998424e-05,3968,1190,2778,64,False,0.0006448330823332071
mackey_glass,delay_line,50,4,1e-10,64,0.0005321951991280047,6.195142256905049e-06,3968,1190,2778,64,False,0.0045362908858805895
mackey_glass,esn,50,4,1e-10,0,0.000727683567183725,9.055911358716468e-05,3968,1190,2778,64,False,0.005270542111247778
delay_parity,linear,50,0,1e-09,0,1.000134175328706,0.00021058627561498872,3968,1190,2778,64,False,0.0006180000491440296
delay_parity,delay_line,50,0,100.0,8,1.0003313701382888,0.0007118410674150749,3968,1190,2778,64,False,0.00436966703273356
delay_parity,esn,50,0,0.001,0,0.07493158257601776,0.016530591014313947,3968,1190,2778,64,False,0.0053569169249385595
delay_parity,linear,50,1,100.0,0,1.0001032319301868,0.00021058627561498872,3968,1190,2778,64,False,0.0006583330687135458
delay_parity,delay_line,50,1,100.0,1,0.9999640908057624,0.0007118410674150749,3968,1190,2778,64,False,0.004325916990637779
delay_parity,esn,50,1,0.001,0,0.07303290352008275,0.016530591014313947,3968,1190,2778,64,False,0.005353166023269296
delay_parity,linear,50,2,1e-10,0,1.0004975117963357,0.00021058627561498872,3968,1190,2778,64,False,0.0006117499433457851
delay_parity,delay_line,50,2,1e-10,8,1.001670936902105,0.0007118410674150749,3968,1190,2778,64,False,0.004286250099539757
delay_parity,esn,50,2,0.001,0,0.08918195234051937,0.016530591014313947,3968,1190,2778,64,False,0.005364999873563647
delay_parity,linear,50,3,100.0,0,1.000464911933947,0.00021058627561498872,3968,1190,2778,64,False,0.0006220419891178608
delay_parity,delay_line,50,3,100.0,2,1.0005324994368539,0.0007118410674150749,3968,1190,2778,64,False,0.0043752919882535934
delay_parity,esn,50,3,0.0001,0,0.11302283365169156,0.016530591014313947,3968,1190,2778,64,False,0.005363209173083305
delay_parity,linear,50,4,1e-08,0,1.0005370336172519,0.00021058627561498872,3968,1190,2778,64,False,0.0006102500483393669
delay_parity,delay_line,50,4,1e-09,4,1.001332989197888,0.0007118410674150749,3968,1190,2778,64,False,0.004438250092789531
delay_parity,esn,50,4,0.0001,0,0.09699899040191408,0.016530591014313947,3968,1190,2778,64,False,0.00532141700387001
mackey_glass,linear,100,0,1e-10,0,0.14503634697130163,0.00021522651825242253,3950,1185,2765,100,False,0.0006205420941114426
mackey_glass,delay_line,100,0,1e-10,64,0.000535301336556056,6.14176650677409e-06,3950,1185,2765,100,False,0.004541417118161917
mackey_glass,esn,100,0,1e-10,0,0.0008182285928209499,9.094023127282741e-05,3950,1185,2765,100,False,0.0053205841686576605
mackey_glass,linear,100,1,1e-10,0,0.14527205179109637,0.00021522651825242253,3950,1185,2765,100,False,0.0006056251004338264
mackey_glass,delay_line,100,1,1e-10,64,0.0005232395042559233,6.14176650677409e-06,3950,1185,2765,100,False,0.004551874939352274
mackey_glass,esn,100,1,1e-10,0,0.0006624805547408318,9.094023127282741e-05,3950,1185,2765,100,False,0.005347416969016194
mackey_glass,linear,100,2,1e-10,0,0.14556236847729315,0.00021522651825242253,3950,1185,2765,100,False,0.0006757918745279312
mackey_glass,delay_line,100,2,1e-10,64,0.0005292872498610721,6.14176650677409e-06,3950,1185,2765,100,False,0.004655209137126803
mackey_glass,esn,100,2,1e-10,0,0.0007547484244989497,9.094023127282741e-05,3950,1185,2765,100,False,0.005370500031858683
mackey_glass,linear,100,3,0.1,0,0.1453464897000023,0.00021522651825242253,3950,1185,2765,100,False,0.0006774161010980606
mackey_glass,delay_line,100,3,1e-10,64,0.0005215321178095299,6.14176650677409e-06,3950,1185,2765,100,False,0.00450750021263957
mackey_glass,esn,100,3,1e-10,0,0.0005812633342350408,9.094023127282741e-05,3950,1185,2765,100,False,0.00540529191493988
mackey_glass,linear,100,4,0.01,0,0.14553902611980024,0.00021522651825242253,3950,1185,2765,100,False,0.0006155408918857574
mackey_glass,delay_line,100,4,1e-10,64,0.0005337787011093681,6.14176650677409e-06,3950,1185,2765,100,False,0.004519915906712413
mackey_glass,esn,100,4,1e-10,0,0.0007330961633040757,9.094023127282741e-05,3950,1185,2765,100,False,0.005332458997145295
delay_parity,linear,100,0,1e-09,0,1.0001762304335766,0.0001874960202162556,3950,1185,2765,100,False,0.0005949998740106821
delay_parity,delay_line,100,0,100.0,8,1.0003284524126659,0.0007028482535848159,3950,1185,2765,100,False,0.004299415973946452
delay_parity,esn,100,0,0.001,0,0.07485630011032857,0.016583272417656846,3950,1185,2765,100,False,0.005350708030164242
delay_parity,linear,100,1,100.0,0,1.0001624290257085,0.0001874960202162556,3950,1185,2765,100,False,0.000599415972828865
delay_parity,delay_line,100,1,100.0,1,1.0000642916486981,0.0007028482535848159,3950,1185,2765,100,False,0.004244750132784247
delay_parity,esn,100,1,0.001,0,0.07305753527434647,0.016583272417656846,3950,1185,2765,100,False,0.005328333005309105
delay_parity,linear,100,2,1e-10,0,1.0004285620498123,0.0001874960202162556,3950,1185,2765,100,False,0.0006363340653479099
delay_parity,delay_line,100,2,1e-10,8,1.0015827677404743,0.0007028482535848159,3950,1185,2765,100,False,0.004307874944061041
delay_parity,esn,100,2,0.001,0,0.0892008372223677,0.016583272417656846,3950,1185,2765,100,False,0.005355458939447999
delay_parity,linear,100,3,100.0,0,1.0004339447840793,0.0001874960202162556,3950,1185,2765,100,False,0.0006123329512774944
delay_parity,delay_line,100,3,100.0,2,1.0004996750346762,0.0007028482535848159,3950,1185,2765,100,False,0.004331666044890881
delay_parity,esn,100,3,0.0001,0,0.1130726137628388,0.016583272417656846,3950,1185,2765,100,False,0.005336292088031769
delay_parity,linear,100,4,1e-06,0,1.000600094187679,0.0001874960202162556,3950,1185,2765,100,False,0.0006132498383522034
delay_parity,delay_line,100,4,100.0,4,1.001513766593496,0.0007028482535848159,3950,1185,2765,100,False,0.00437712506391108
delay_parity,esn,100,4,1e-05,0,0.09721177821335153,0.016583272417656846,3950,1185,2765,100,False,0.005325083853676915
mackey_glass,linear,200,0,1e-10,0,0.14517154087820405,0.00017486975750205866,3900,1170,2730,200,False,0.0006722500547766685
mackey_glass,delay_line,200,0,1e-10,64,0.0005351952430397797,6.563608577635115e-06,3900,1170,2730,200,False,0.004612707998603582
mackey_glass,esn,200,0,1e-10,0,0.0008219574261671912,9.119750697440353e-05,3900,1170,2730,200,False,0.005284916842356324
mackey_glass,linear,200,1,1e-10,0,0.14532017693133553,0.00017486975750205866,3900,1170,2730,200,False,0.0006593749858438969
mackey_glass,delay_line,200,1,1e-10,64,0.0005274321288842239,6.563608577635115e-06,3900,1170,2730,200,False,0.004501458024606109
mackey_glass,esn,200,1,1e-10,0,0.0006689108220852386,9.119750697440353e-05,3900,1170,2730,200,False,0.005394708132371306
mackey_glass,linear,200,2,1e-10,0,0.1453840647344887,0.00017486975750205866,3900,1170,2730,200,False,0.0005994581151753664
mackey_glass,delay_line,200,2,1e-10,64,0.0005245047258591314,6.563608577635115e-06,3900,1170,2730,200,False,0.004519875161349773
mackey_glass,esn,200,2,1e-10,0,0.0007506034702738931,9.119750697440353e-05,3900,1170,2730,200,False,0.0054491248447448015
mackey_glass,linear,200,3,1e-10,0,0.14563462296384666,0.00017486975750205866,3900,1170,2730,200,False,0.000624750042334199
mackey_glass,delay_line,200,3,1e-10,64,0.0005199571622460232,6.563608577635115e-06,3900,1170,2730,200,False,0.004478875081986189
mackey_glass,esn,200,3,1e-10,0,0.0005799073050908638,9.119750697440353e-05,3900,1170,2730,200,False,0.0052994170691818
mackey_glass,linear,200,4,0.01,0,0.14549193291863707,0.00017486975750205866,3900,1170,2730,200,False,0.0006577910389751196
mackey_glass,delay_line,200,4,1e-10,64,0.0005346268114539655,6.563608577635115e-06,3900,1170,2730,200,False,0.0045771661680191755
mackey_glass,esn,200,4,1e-10,0,0.0007317807498578617,9.119750697440353e-05,3900,1170,2730,200,False,0.0053009160328656435
delay_parity,linear,200,0,1e-09,0,1.0001210391706497,0.0002699137525051982,3900,1170,2730,200,False,0.0006042078603059053
delay_parity,delay_line,200,0,100.0,8,1.0000412753877972,0.0006732717648288831,3900,1170,2730,200,False,0.004326541209593415
delay_parity,esn,200,0,0.001,0,0.07453634891416093,0.016632332364506945,3900,1170,2730,200,False,0.005360624985769391
delay_parity,linear,200,1,100.0,0,1.0001421152780487,0.0002699137525051982,3900,1170,2730,200,False,0.0006168750114738941
delay_parity,delay_line,200,1,100.0,1,1.000131632659489,0.0006732717648288831,3900,1170,2730,200,False,0.004326292080804706
delay_parity,esn,200,1,0.001,0,0.07303908070235271,0.016632332364506945,3900,1170,2730,200,False,0.005284540820866823
delay_parity,linear,200,2,1e-10,0,1.0003813080547852,0.0002699137525051982,3900,1170,2730,200,False,0.000609374837949872
delay_parity,delay_line,200,2,1e-10,8,1.0017190481845657,0.0006732717648288831,3900,1170,2730,200,False,0.004303291207179427
delay_parity,esn,200,2,0.001,0,0.08948022508705054,0.016632332364506945,3900,1170,2730,200,False,0.005301374942064285
delay_parity,linear,200,3,100.0,0,1.0004941732230268,0.0002699137525051982,3900,1170,2730,200,False,0.0005954171065241098
delay_parity,delay_line,200,3,100.0,2,1.0005902262817947,0.0006732717648288831,3900,1170,2730,200,False,0.004329166142269969
delay_parity,esn,200,3,1e-10,0,0.11307834962087558,0.016632332364506945,3900,1170,2730,200,False,0.005345625104382634
delay_parity,linear,200,4,100.0,0,1.0007733898449378,0.0002699137525051982,3900,1170,2730,200,False,0.0006382500287145376
delay_parity,delay_line,200,4,100.0,1,1.0008172765543122,0.0006732717648288831,3900,1170,2730,200,False,0.0043187919072806835
delay_parity,esn,200,4,1e-10,0,0.09696713185694782,0.016632332364506945,3900,1170,2730,200,False,0.005306500010192394
mackey_glass,linear,400,0,1e-10,0,0.1452808934925858,0.00030590629667718406,3800,1140,2660,400,False,0.0006111669354140759
mackey_glass,delay_line,400,0,1e-10,64,0.0005369130093903031,7.276260479782874e-06,3800,1140,2660,400,False,0.004466958111152053
mackey_glass,esn,400,0,1e-10,0,0.000813230921670951,8.634646867197496e-05,3800,1140,2660,400,False,0.005271167028695345
mackey_glass,linear,400,1,1e-10,0,0.14517664916416087,0.00030590629667718406,3800,1140,2660,400,False,0.000672666123136878
mackey_glass,delay_line,400,1,1e-10,64,0.0005308855795254271,7.276260479782874e-06,3800,1140,2660,400,False,0.004491665866225958
mackey_glass,esn,400,1,1e-10,0,0.0006745666463801985,8.634646867197496e-05,3800,1140,2660,400,False,0.005316375056281686
mackey_glass,linear,400,2,1e-10,0,0.14595387022979348,0.00030590629667718406,3800,1140,2660,400,False,0.0006552909035235643
mackey_glass,delay_line,400,2,1e-10,64,0.000521960860964697,7.276260479782874e-06,3800,1140,2660,400,False,0.004507958889007568
mackey_glass,esn,400,2,1e-10,0,0.0007565457648289237,8.634646867197496e-05,3800,1140,2660,400,False,0.005338250193744898
mackey_glass,linear,400,3,1e-10,0,0.14538540582797072,0.00030590629667718406,3800,1140,2660,400,False,0.0006738330703228712
mackey_glass,delay_line,400,3,1e-10,64,0.0005214386961657198,7.276260479782874e-06,3800,1140,2660,400,False,0.004475041991099715
mackey_glass,esn,400,3,1e-10,0,0.0005860514808649344,8.634646867197496e-05,3800,1140,2660,400,False,0.005276208044961095
mackey_glass,linear,400,4,0.1,0,0.1455763948595345,0.00030590629667718406,3800,1140,2660,400,False,0.0006703338585793972
mackey_glass,delay_line,400,4,1e-10,64,0.0005352700112987217,7.276260479782874e-06,3800,1140,2660,400,False,0.004520874936133623
mackey_glass,esn,400,4,1e-10,0,0.0007300716358262568,8.634646867197496e-05,3800,1140,2660,400,False,0.005275583127513528
delay_parity,linear,400,0,1e-09,0,1.0001095337672246,0.00033433370455775635,3800,1140,2660,400,False,0.0006099159363657236
delay_parity,delay_line,400,0,100.0,1,1.000019470310706,0.0007475782030987418,3800,1140,2660,400,False,0.004283624934032559
delay_parity,esn,400,0,0.001,0,0.0747948020235965,0.016334069404067945,3800,1140,2660,400,False,0.005263458006083965
delay_parity,linear,400,1,100.0,0,1.000157000838683,0.00033433370455775635,3800,1140,2660,400,False,0.0006012499798089266
delay_parity,delay_line,400,1,100.0,1,1.0001159197312512,0.0007475782030987418,3800,1140,2660,400,False,0.004324791952967644
delay_parity,esn,400,1,0.01,0,0.0734421156655166,0.016334069404067945,3800,1140,2660,400,False,0.005279750097543001
delay_parity,linear,400,2,1e-10,0,1.0004061406941909,0.00033433370455775635,3800,1140,2660,400,False,0.0005964578595012426
delay_parity,delay_line,400,2,1e-10,8,1.0014933879241545,0.0007475782030987418,3800,1140,2660,400,False,0.004290125099942088
delay_parity,esn,400,2,0.001,0,0.08936840308396293,0.016334069404067945,3800,1140,2660,400,False,0.005319667048752308
delay_parity,linear,400,3,100.0,0,1.0005313721580826,0.00033433370455775635,3800,1140,2660,400,False,0.0005964590236544609
delay_parity,delay_line,400,3,100.0,1,1.0005318190228947,0.0007475782030987418,3800,1140,2660,400,False,0.0043452088721096516
delay_parity,esn,400,3,1e-10,0,0.11276744414435187,0.016334069404067945,3800,1140,2660,400,False,0.005388457793742418
delay_parity,linear,400,4,100.0,0,1.0009389726108187,0.00033433370455775635,3800,1140,2660,400,False,0.0006339591927826405
delay_parity,delay_line,400,4,100.0,4,1.0015863818181958,0.0007475782030987418,3800,1140,2660,400,False,0.004400542005896568
delay_parity,esn,400,4,1e-10,0,0.09669409780199613,0.016334069404067945,3800,1140,2660,400,False,0.005391708109527826
mackey_glass,linear,800,0,1e-10,0,0.14525170805455495,0.00022636015400166154,3600,1080,2520,800,False,0.0005790838040411472
mackey_glass,delay_line,800,0,1e-10,64,0.0005390129855782226,1.1500706143807915e-05,3600,1080,2520,800,False,0.004552582977339625
mackey_glass,esn,800,0,1e-10,0,0.0008301909581847475,9.395662693031106e-05,3600,1080,2520,800,False,0.00522458297200501
mackey_glass,linear,800,1,0.1,0,0.145406055218729,0.00022636015400166154,3600,1080,2520,800,False,0.000604292144998908
mackey_glass,delay_line,800,1,1e-10,64,0.0005379202687194668,1.1500706143807915e-05,3600,1080,2520,800,False,0.0044180420227348804
mackey_glass,esn,800,1,1e-10,0,0.0006811383600392475,9.395662693031106e-05,3600,1080,2520,800,False,0.005162083078175783
mackey_glass,linear,800,2,1e-10,0,0.1458519402901887,0.00022636015400166154,3600,1080,2520,800,False,0.0006073340773582458
mackey_glass,delay_line,800,2,1e-10,64,0.00052179224720658,1.1500706143807915e-05,3600,1080,2520,800,False,0.004489207873120904
mackey_glass,esn,800,2,1e-10,0,0.0007751060960362429,9.395662693031106e-05,3600,1080,2520,800,False,0.005125208990648389
mackey_glass,linear,800,3,0.1,0,0.14539273144478404,0.00022636015400166154,3600,1080,2520,800,False,0.0006303749978542328
mackey_glass,delay_line,800,3,1e-10,64,0.0005117504385324164,1.1500706143807915e-05,3600,1080,2520,800,False,0.004418624797835946
mackey_glass,esn,800,3,1e-10,0,0.0005834423361890311,9.395662693031106e-05,3600,1080,2520,800,False,0.0052151670679450035
mackey_glass,linear,800,4,0.01,0,0.14551879998793632,0.00022636015400166154,3600,1080,2520,800,False,0.000603291904553771
mackey_glass,delay_line,800,4,1e-10,64,0.0005306528833826064,1.1500706143807915e-05,3600,1080,2520,800,False,0.00443062512204051
mackey_glass,esn,800,4,1e-10,0,0.0007177298903462203,9.395662693031106e-05,3600,1080,2520,800,False,0.005178458988666534
delay_parity,linear,800,0,1e-09,0,1.0002906215992775,0.00015597406879950664,3600,1080,2520,800,False,0.0006722500547766685
delay_parity,delay_line,800,0,100.0,1,1.0001962030709557,0.0010441980145546423,3600,1080,2520,800,False,0.004280291963368654
delay_parity,esn,800,0,0.001,0,0.07535479112368305,0.01667538797282829,3600,1080,2520,800,False,0.005222459090873599
delay_parity,linear,800,1,1e-09,0,1.0001205913547024,0.00015597406879950664,3600,1080,2520,800,False,0.0006402498111128807
delay_parity,delay_line,800,1,1e-08,2,1.0003402080963093,0.0010441980145546423,3600,1080,2520,800,False,0.004265249939635396
delay_parity,esn,800,1,0.001,0,0.07244614512907362,0.01667538797282829,3600,1080,2520,800,False,0.005194416968151927
delay_parity,linear,800,2,1e-10,0,1.0004958712643077,0.00015597406879950664,3600,1080,2520,800,False,0.0005977079272270203
delay_parity,delay_line,800,2,1e-10,8,1.0013410811040604,0.0010441980145546423,3600,1080,2520,800,False,0.004215332912281156
delay_parity,esn,800,2,0.001,0,0.08903871249107487,0.01667538797282829,3600,1080,2520,800,False,0.005197874968871474
delay_parity,linear,800,3,100.0,0,1.000360761868182,0.00015597406879950664,3600,1080,2520,800,False,0.0005832922179251909
delay_parity,delay_line,800,3,100.0,1,1.0003380278083267,0.0010441980145546423,3600,1080,2520,800,False,0.004247208824381232
delay_parity,esn,800,3,1e-10,0,0.11348159492744773,0.01667538797282829,3600,1080,2520,800,False,0.005185999907553196
delay_parity,linear,800,4,100.0,0,1.000143289991856,0.00015597406879950664,3600,1080,2520,800,False,0.0005885830614715815
delay_parity,delay_line,800,4,100.0,32,1.002651954065174,0.0010441980145546423,3600,1080,2520,800,False,0.004252166021615267
delay_parity,esn,800,4,0.0001,0,0.09629556330394008,0.01667538797282829,3600,1080,2520,800,False,0.0051691250409930944
