experiment,threshold_mode,n_surrogates,surrogate_quantile,level,graph,replicate,mc_total,ipc_total,ipc_total_raw,ipc_linear,ipc_nonlinear,wall_time_s
3Th_ladder_threshold,none,25,0.95,erdos_renyi,0,0,13.782967505418101,33.058623950718236,33.058623950718236,12.945208758080913,20.113415192637323,0.13419354101642966
3Th_ladder_threshold,surrogate,25,0.95,erdos_renyi,0,0,12.964888542601427,32.223137540182286,33.058623950718236,12.885954536255422,19.337183003926864,0.22169912490062416
3Th_ladder_threshold,surrogate,25,0.99,erdos_renyi,0,0,12.8922391286009,32.182581480928846,33.058623950718236,12.885954536255422,19.296626944673424,0.21925904089584947
3Th_ladder_threshold,surrogate,25,0.999,erdos_renyi,0,0,12.884811881841781,32.17111334824445,33.058623950718236,12.885954536255422,19.285158811989024,0.22239062516018748
3Th_ladder_threshold,surrogate,100,0.95,erdos_renyi,0,0,12.94133683961147,32.218879793727965,33.058623950718236,12.885954536255422,19.332925257472542,0.5964116670656949
3Th_ladder_threshold,surrogate,100,0.99,erdos_renyi,0,0,12.884811881841781,32.17498271719813,33.058623950718236,12.885954536255422,19.289028180942704,0.599435499869287
3Th_ladder_threshold,surrogate,100,0.999,erdos_renyi,0,0,12.884811881841781,32.15883497858653,33.058623950718236,12.885954536255422,19.27288044233111,0.59886149992235
3Th_ladder_threshold,surrogate,400,0.95,erdos_renyi,0,0,12.910196595037876,32.22578548071262,33.058623950718236,12.885954536255422,19.339830944457194,2.187832250026986
3Th_ladder_threshold,surrogate,400,0.99,erdos_renyi,0,0,12.884811881841781,32.170941189552394,33.058623950718236,12.885954536255422,19.284986653296972,2.192975457990542
3Th_ladder_threshold,surrogate,400,0.999,erdos_renyi,0,0,12.884811881841781,32.12785388774803,33.058623950718236,12.885954536255422,19.24189935149261,2.191403500037268
3Th_ladder_threshold,none,25,0.95,erdos_renyi,0,1,14.56814451529209,31.423625355789838,31.423625355789838,13.727294504976527,17.69633085081331,0.12271687504835427
3Th_ladder_threshold,surrogate,25,0.95,erdos_renyi,0,1,13.871773664403577,30.739683514058015,31.423625355789838,13.679195016342462,17.060488497715554,0.2186136250384152
3Th_ladder_threshold,surrogate,25,0.99,erdos_renyi,0,1,13.862827657496288,30.578511061589072,31.423625355789838,13.672257622849049,16.906253438740023,0.21932049980387092
3Th_ladder_threshold,surrogate,25,0.999,erdos_renyi,0,1,13.859825199365526,30.50196168509261,31.423625355789838,13.672257622849049,16.82970406224356,0.2188535409513861
3Th_ladder_threshold,surrogate,100,0.95,erdos_renyi,0,1,13.746248291827335,30.667079734783822,31.423625355789838,13.679195016342462,16.98788471844136,0.5993337088730186
3Th_ladder_threshold,surrogate,100,0.99,erdos_renyi,0,1,13.692754290380469,30.53451345242237,31.423625355789838,13.672257622849049,16.86225582957332,0.5985821250360459
3Th_ladder_threshold,surrogate,100,0.999,erdos_renyi,0,1,13.672986269404698,30.44482971574137,31.423625355789838,13.668272633628803,16.776557082112568,0.6010314160957932
3Th_ladder_threshold,surrogate,400,0.95,erdos_renyi,0,1,13.746248291827335,30.68435293554736,31.423625355789838,13.679195016342462,17.005157919204898,2.1944925421848893
3Th_ladder_threshold,surrogate,400,0.99,erdos_renyi,0,1,13.692754290380469,30.510655335476176,31.423625355789838,13.672257622849049,16.838397712627128,2.1841061250306666
3Th_ladder_threshold,surrogate,400,0.999,erdos_renyi,0,1,13.672986269404698,30.436993026772182,31.423625355789838,13.668272633628803,16.76872039314338,2.194710458163172
3Th_ladder_threshold,none,25,0.95,erdos_renyi,1,0,14.554730370233376,32.212297141948,32.212297141948,13.718979826565343,18.493317315382654,0.12224662490189075
3Th_ladder_threshold,surrogate,25,0.95,erdos_renyi,1,0,13.67200321825195,31.441024023676814,32.212297141948,13.665026157484972,17.775997866191844,0.2199721250217408
3Th_ladder_threshold,surrogate,25,0.99,erdos_renyi,1,0,13.66802397405056,31.31620611086524,32.212297141948,13.661321426162427,17.654884684702814,0.21827041590586305
3Th_ladder_threshold,surrogate,25,0.999,erdos_renyi,1,0,13.663961261989602,31.289673058352523,32.212297141948,13.661321426162427,17.628351632190096,0.21846499992534518
3Th_ladder_threshold,surrogate,100,0.95,erdos_renyi,1,0,13.675733232142555,31.351913522959382,32.212297141948,13.665026157484972,17.686887365474412,0.6001971659716219
3Th_ladder_threshold,surrogate,100,0.99,erdos_renyi,1,0,13.66802397405056,31.285480683799705,32.212297141948,13.661321426162427,17.624159257637277,0.5975365000776947
3Th_ladder_threshold,surrogate,100,0.999,erdos_renyi,1,0,13.663961261989602,31.268312627584244,32.212297141948,13.661321426162427,17.606991201421817,0.5985762078780681
3Th_ladder_threshold,surrogate,400,0.95,erdos_renyi,1,0,13.693741705024475,31.358770467641122,32.212297141948,13.665026157484972,17.69374431015615,2.191920791985467
3Th_ladder_threshold,surrogate,400,0.99,erdos_renyi,1,0,13.67200321825195,31.293679625094082,32.212297141948,13.661321426162427,17.632358198931655,2.1930001250002533
3Th_ladder_threshold,surrogate,400,0.999,erdos_renyi,1,0,13.663961261989602,31.272690109225888,32.212297141948,13.661321426162427,17.61136868306346,2.191607957938686
3Th_ladder_threshold,none,25,0.95,erdos_renyi,1,1,17.191426412296675,35.41072530351563,35.41072530351563,16.35557021401066,19.055155089504975,0.12204470881260931
3Th_ladder_threshold,surrogate,25,0.95,erdos_renyi,1,1,16.402492661462194,34.58860408084879,35.41072530351563,16.325605267643052,18.262998813205737,0.21829975000582635
3Th_ladder_threshold,surrogate,25,0.99,erdos_renyi,1,1,16.358422414479744,34.51165384013074,35.41072530351563,16.32197050578731,18.18968333434343,0.21946525014936924
3Th_ladder_threshold,surrogate,25,0.999,erdos_renyi,1,1,16.347749257266496,34.45881045369859,35.41072530351563,16.32197050578731,18.13683994791128,0.21892062504775822
3Th_ladder_threshold,surrogate,100,0.95,erdos_renyi,1,1,16.368809360130157,34.63858042176441,35.41072530351563,16.325605267643052,18.312975154121357,0.5958526670001447
3Th_ladder_threshold,surrogate,100,0.99,erdos_renyi,1,1,16.336631614906405,34.48385628827996,35.41072530351563,16.31414629622796,18.169709992052,0.6024567079730332
3Th_ladder_threshold,surrogate,100,0.999,erdos_renyi,1,1,16.325078596796505,34.382793078118866,35.41072530351563,16.31414629622796,18.068646781890905,0.5988000419456512
3Th_ladder_threshold,surrogate,400,0.95,erdos_renyi,1,1,16.37224894507502,34.648867952940336,35.41072530351563,16.325605267643052,18.323262685297284,2.1934623329434544
3Th_ladder_threshold,surrogate,400,0.99,erdos_renyi,1,1,16.340391159763126,34.50344187175851,35.41072530351563,16.31414629622796,18.18929557553055,2.1929482501000166
3Th_ladder_threshold,surrogate,400,0.999,erdos_renyi,1,1,16.325078596796505,34.41754573818688,35.41072530351563,16.309635964943,18.107909773243883,2.190486582927406
3Th_ladder_threshold,none,25,0.95,erdos_renyi,2,0,15.739331092177585,32.05076993914136,32.05076993914136,14.894413192470358,17.156356746671,0.12234741705469787
3Th_ladder_threshold,surrogate,25,0.95,erdos_renyi,2,0,14.947060226882376,31.243347356343833,32.05076993914136,14.841523835973351,16.40182352037048,0.21899908292107284
3Th_ladder_threshold,surrogate,25,0.99,erdos_renyi,2,0,14.93029003678112,31.199255435106664,32.05076993914136,14.841523835973351,16.357731599133313,0.2180701671168208
3Th_ladder_threshold,surrogate,25,0.999,erdos_renyi,2,0,14.92352257384129,31.191879857024396,32.05076993914136,14.841523835973351,16.350356021051045,0.22045579203404486
3Th_ladder_threshold,surrogate,100,0.95,erdos_renyi,2,0,14.933669218262507,31.254413318276324,32.05076993914136,14.841523835973351,16.412889482302973,0.5982616250403225
3Th_ladder_threshold,surrogate,100,0.99,erdos_renyi,2,0,14.853602801943978,31.184438832017484,32.05076993914136,14.841523835973351,16.342914996044133,0.5988798330072314
3Th_ladder_threshold,surrogate,100,0.999,erdos_renyi,2,0,14.842517101678677,31.160902898632877,32.05076993914136,14.841523835973351,16.319379062659525,0.6289824168197811
3Th_ladder_threshold,surrogate,400,0.95,erdos_renyi,2,0,14.92013018731403,31.246775223405166,32.05076993914136,14.841523835973351,16.405251387431814,2.2110657079610974
3Th_ladder_threshold,surrogate,400,0.99,erdos_renyi,2,0,14.842517101678677,31.16895478438679,32.05076993914136,14.841523835973351,16.32743094841344,2.214157999958843
3Th_ladder_threshold,surrogate,400,0.999,erdos_renyi,2,0,14.838512887025342,31.1481864236126,32.05076993914136,14.841523835973351,16.30666258763925,2.2166380828712136
3Th_ladder_threshold,none,25,0.95,erdos_renyi,2,1,16.461989327180785,33.14705551533078,33.14705551533078,15.624897374394498,17.522158140936277,0.12238529184833169
3Th_ladder_threshold,surrogate,25,0.95,erdos_renyi,2,1,15.645893968230519,32.39688616747593,33.14705551533078,15.595687389316472,16.801198778159453,0.21926983399316669
3Th_ladder_threshold,surrogate,25,0.99,erdos_renyi,2,1,15.622963239863811,32.30762564942367,33.14705551533078,15.592293393224216,16.715332256199453,0.2187933751847595
3Th_ladder_threshold,surrogate,25,0.999,erdos_renyi,2,1,15.616209623522373,32.24864172774073,33.14705551533078,15.592293393224216,16.656348334516515,0.21919116703793406
3Th_ladder_threshold,surrogate,100,0.95,erdos_renyi,2,1,15.609361216973028,32.403374944826886,33.14705551533078,15.595687389316472,16.807687555510412,0.5996194579638541
3Th_ladder_threshold,surrogate,100,0.99,erdos_renyi,2,1,15.594488100834702,32.245341591742516,33.14705551533078,15.588360830404879,16.656980761337635,0.5957194999791682
3Th_ladder_threshold,surrogate,100,0.999,erdos_renyi,2,1,15.590552543451338,32.21175826961374,33.14705551533078,15.570930806928692,16.640827462685046,0.5958736250177026
3Th_ladder_threshold,surrogate,400,0.95,erdos_renyi,2,1,15.609361216973028,32.38318977044631,33.14705551533078,15.592293393224216,16.79089637722209,2.2003836669027805
3Th_ladder_threshold,surrogate,400,0.99,erdos_renyi,2,1,15.598345134143917,32.277184670084424,33.14705551533078,15.592293393224216,16.684891276860206,2.2249478751327842
3Th_ladder_threshold,surrogate,400,0.999,erdos_renyi,2,1,15.590552543451338,32.21241066944722,33.14705551533078,15.58408858504822,16.628322084399002,2.26402666606009
3Th_ladder_threshold,none,25,0.95,erdos_renyi,3,0,16.325209031187395,34.02525436451114,34.02525436451114,15.495078259632397,18.530176104878745,0.1347772921435535
3Th_ladder_threshold,surrogate,25,0.95,erdos_renyi,3,0,15.471625206997826,33.226597134016814,34.02525436451114,15.452321350329646,17.774275783687166,0.23380495817400515
3Th_ladder_threshold,surrogate,25,0.99,erdos_renyi,3,0,15.442586850872125,33.13202596441487,34.02525436451114,15.441723248267264,17.690302716147606,0.23922462482005358
3Th_ladder_threshold,surrogate,25,0.999,erdos_renyi,3,0,15.43861244686602,33.123820939199675,34.02525436451114,15.441723248267264,17.68209769093241,0.24747033300809562
3Th_ladder_threshold,surrogate,100,0.95,erdos_renyi,3,0,15.457582375507387,33.19755367661903,34.02525436451114,15.452321350329646,17.745232326289383,0.6224597920663655
3Th_ladder_threshold,surrogate,100,0.99,erdos_renyi,3,0,15.43861244686602,33.12804198635497,34.02525436451114,15.441723248267264,17.686318738087706,0.6243874169886112
3Th_ladder_threshold,surrogate,100,0.999,erdos_renyi,3,0,15.43861244686602,33.120101161640264,34.02525436451114,15.437865519769531,17.682235641870733,0.6312248751055449
3Th_ladder_threshold,surrogate,400,0.95,erdos_renyi,3,0,15.457582375507387,33.193867181767615,34.02525436451114,15.448905844978514,17.744961336789103,2.1941585829481483
3Th_ladder_threshold,surrogate,400,0.99,erdos_renyi,3,0,15.442586850872125,33.12804198635497,34.02525436451114,15.441723248267264,17.686318738087706,2.186282458016649
3Th_ladder_threshold,surrogate,400,0.999,erdos_renyi,3,0,15.43861244686602,33.115880114484966,34.02525436451114,15.437865519769531,17.678014594715435,2.195391457993537
3Th_ladder_threshold,none,25,0.95,erdos_renyi,3,1,16.00448030096759,31.36179028530936,31.36179028530936,15.16489205398407,16.196898231325292,0.12414074991829693
3Th_ladder_threshold,surrogate,25,0.95,erdos_renyi,3,1,15.240704729423308,30.663639420014693,31.36179028530936,15.12650336558562,15.537136054429073,0.22988408314995468
3Th_ladder_threshold,surrogate,25,0.99,erdos_renyi,3,1,15.215489875827256,30.495387932410328,31.36179028530936,15.119569445257511,15.375818487152817,0.2298417091369629
3Th_ladder_threshold,surrogate,25,0.999,erdos_renyi,3,1,15.205814981162371,30.480508961118016,31.36179028530936,15.119569445257511,15.360939515860505,0.22551316604949534
3Th_ladder_threshold,surrogate,100,0.95,erdos_renyi,3,1,15.151400047207563,30.57187950326072,31.36179028530936,15.12650336558562,15.445376137675101,0.6046562080737203
3Th_ladder_threshold,surrogate,100,0.99,erdos_renyi,3,1,15.118215224389747,30.418213670973078,31.36179028530936,15.112009539818231,15.306204131154846,0.6092677500564605
3Th_ladder_threshold,surrogate,100,0.999,erdos_renyi,3,1,15.114121118529047,30.393326943367285,31.36179028530936,15.099689282702236,15.293637660665048,0.6140949169639498
3Th_ladder_threshold,surrogate,400,0.95,erdos_renyi,3,1,15.154927507630818,30.582473851177497,31.36179028530936,15.12650336558562,15.455970485591877,2.289379332913086
3Th_ladder_threshold,surrogate,400,0.99,erdos_renyi,3,1,15.129844509968041,30.43454785530495,31.36179028530936,15.112009539818231,15.322538315486717,2.2633749169763178
3Th_ladder_threshold,surrogate,400,0.999,erdos_renyi,3,1,15.114121118529047,30.388777176006183,31.36179028530936,15.104004953007362,15.284772222998821,2.2699504161719233
3Th_ladder_threshold,none,25,0.95,control_symmetric,0,0,15.675795189853291,30.983205817666075,30.983205817666075,14.823625315199154,16.159580502466923,0.12755170813761652
3Th_ladder_threshold,surrogate,25,0.95,control_symmetric,0,0,14.908504057995815,30.181552073607776,30.983205817666075,14.781137425747126,15.40041464786065,0.22636500000953674
3Th_ladder_threshold,surrogate,25,0.99,control_symmetric,0,0,14.827746952259014,30.09614319143033,30.983205817666075,14.781137425747126,15.315005765683203,0.22486970806494355
3Th_ladder_threshold,surrogate,25,0.999,control_symmetric,0,0,14.824155773118703,30.073222924619486,30.983205817666075,14.77388580237447,15.299337122245015,0.22653191606514156
3Th_ladder_threshold,surrogate,100,0.95,control_symmetric,0,0,14.898842209764283,30.139738629944056,30.983205817666075,14.781137425747126,15.35860120419693,0.6068375420290977
3Th_ladder_threshold,surrogate,100,0.99,control_symmetric,0,0,14.824155773118703,30.07710971282833,30.983205817666075,14.777536389041533,15.299573323786799,0.6056084160227329
3Th_ladder_threshold,surrogate,100,0.999,control_symmetric,0,0,14.809190950115218,30.048886928631656,30.983205817666075,14.765730074365644,15.283156854266013,0.6197364169638604
3Th_ladder_threshold,surrogate,400,0.95,control_symmetric,0,0,14.852420474918361,30.15361638024212,30.983205817666075,14.781137425747126,15.372478954494994,2.2177296250592917
3Th_ladder_threshold,surrogate,400,0.99,control_symmetric,0,0,14.805373104631176,30.069311293513127,30.983205817666075,14.77388580237447,15.295425491138657,2.2433326670434326
3Th_ladder_threshold,surrogate,400,0.999,control_symmetric,0,0,14.7895041716913,30.03564601591772,30.983205817666075,14.761434400794528,15.274211615123193,2.2296917089261115
3Th_ladder_threshold,none,25,0.95,control_symmetric,0,1,14.990370778769904,35.25507708246707,35.25507708246707,14.15414342774323,21.10093365472384,0.12505329214036465
3Th_ladder_threshold,surrogate,25,0.95,control_symmetric,0,1,14.215710734052639,34.5402581966613,35.25507708246707,14.098272373868,20.4419858227933,0.2200863747857511
3Th_ladder_threshold,surrogate,25,0.99,control_symmetric,0,1,14.101053542341877,34.480850348935164,35.25507708246707,14.091510406009906,20.389339942925258,0.21983466600067914
3Th_ladder_threshold,surrogate,25,0.999,control_symmetric,0,1,14.089465457578417,34.39658231523583,35.25507708246707,14.088023791624405,20.308558523611428,0.21857412508688867
3Th_ladder_threshold,surrogate,100,0.95,control_symmetric,0,1,14.130331531271324,34.50895910288819,35.25507708246707,14.098272373868,20.410686729020192,0.6056468749884516
3Th_ladder_threshold,surrogate,100,0.99,control_symmetric,0,1,14.089465457578417,34.40040631968081,35.25507708246707,14.088023791624405,20.312382528056407,0.6065909171011299
3Th_ladder_threshold,surrogate,100,0.999,control_symmetric,0,1,14.089465457578417,34.274466315937744,35.25507708246707,14.084143350031779,20.190322965905963,0.6313075418584049
3Th_ladder_threshold,surrogate,400,0.95,control_symmetric,0,1,14.167675131156365,34.50275312868008,35.25507708246707,14.091510406009906,20.41124272267017,2.233414291171357
3Th_ladder_threshold,surrogate,400,0.99,control_symmetric,0,1,14.104832747875868,34.37371878035181,35.25507708246707,14.088023791624405,20.285694988727403,2.23980633309111
3Th_ladder_threshold,surrogate,400,0.999,control_symmetric,0,1,14.089465457578417,34.30815507001836,35.25507708246707,14.084143350031779,20.224011719986578,2.236798790981993
3Th_ladder_threshold,none,25,0.95,control_symmetric,1,0,13.921037066719151,32.04791841442206,32.04791841442206,13.068009966118932,18.979908448303124,0.12589499983005226
3Th_ladder_threshold,surrogate,25,0.95,control_symmetric,1,0,13.075574303600392,31.194431854010208,32.04791841442206,13.017832600197872,18.176599253812334,0.2228032920975238
3Th_ladder_threshold,surrogate,25,0.99,control_symmetric,1,0,13.022158041325584,31.12474025464636,32.04791841442206,13.017832600197872,18.106907654448484,0.22749783308245242
3Th_ladder_threshold,surrogate,25,0.999,control_symmetric,1,0,13.022158041325584,31.109984561369295,32.04791841442206,13.010784036555377,18.099200524813917,0.22455712500959635
3Th_ladder_threshold,surrogate,100,0.95,control_symmetric,1,0,13.079015818470737,31.176890570163337,32.04791841442206,13.017832600197872,18.159057969965467,0.6071769169066101
3Th_ladder_threshold,surrogate,100,0.99,control_symmetric,1,0,13.018363903753455,31.106289690566943,32.04791841442206,13.00708916575302,18.099200524813924,0.6104890829883516
3Th_ladder_threshold,surrogate,100,0.999,control_symmetric,1,0,13.006760292906055,31.09427325900992,32.04791841442206,13.003221307500022,18.091051951509897,0.6124195419251919
3Th_ladder_threshold,surrogate,400,0.95,control_symmetric,1,0,13.079015818470737,31.187021383726208,32.04791841442206,13.017832600197872,18.169188783528334,2.2348569999448955
3Th_ladder_threshold,surrogate,400,0.99,control_symmetric,1,0,13.006760292906055,31.106289690566943,32.04791841442206,13.00708916575302,18.099200524813924,2.2435960420407355
3Th_ladder_threshold,surrogate,400,0.999,control_symmetric,1,0,13.002539217283081,31.085454845641223,32.04791841442206,13.003221307500022,18.082233538141203,2.3041797501500696
3Th_ladder_threshold,none,25,0.95,control_symmetric,1,1,14.744334053039037,31.141764608980697,31.141764608980697,13.903723007807091,17.238041601173606,0.12911875010468066
3Th_ladder_threshold,surrogate,25,0.95,control_symmetric,1,1,13.94594646068506,30.427631857612553,31.141764608980697,13.872679115046596,16.55495274256596,0.22615041700191796
3Th_ladder_threshold,surrogate,25,0.99,control_symmetric,1,1,13.932846527766639,30.311326247113406,31.141764608980697,13.872679115046596,16.438647132066812,0.22734674997627735
3Th_ladder_threshold,surrogate,25,0.999,control_symmetric,1,1,13.926140730338453,30.27634118120794,31.141764608980697,13.872679115046596,16.403662066161345,0.2357667910400778
3Th_ladder_threshold,surrogate,100,0.95,control_symmetric,1,1,13.915773990975973,30.39470134981548,31.141764608980697,13.872679115046596,16.522022234768883,0.6180679581593722
3Th_ladder_threshold,surrogate,100,0.99,control_symmetric,1,1,13.901191921244981,30.225616740313313,31.141764608980697,13.872679115046596,16.35293762526672,0.6315649170428514
3Th_ladder_threshold,surrogate,100,0.999,control_symmetric,1,1,13.897294569306641,30.158478227949907,31.141764608980697,13.868781815311351,16.289696412638556,0.6141780000180006
3Th_ladder_threshold,surrogate,400,0.95,control_symmetric,1,1,13.932846527766639,30.387701677198102,31.141764608980697,13.872679115046596,16.515022562151508,2.2450595409609377
3Th_ladder_threshold,surrogate,400,0.99,control_symmetric,1,1,13.908623012602451,30.261261571484585,31.141764608980697,13.872679115046596,16.388582456437987,2.2884796250145882
3Th_ladder_threshold,surrogate,400,0.999,control_symmetric,1,1,13.897294569306641,30.163569707861633,31.141764608980697,13.860494354243263,16.303075353618368,2.27815212495625
3Th_ladder_threshold,none,25,0.95,control_symmetric,2,0,13.482513273596126,32.04911301821066,32.04911301821066,12.649328710098642,19.399784308112018,0.12652449985034764
3Th_ladder_threshold,surrogate,25,0.95,control_symmetric,2,0,12.635945131531413,31.19565291610748,32.04911301821066,12.5987169574355,18.59693595867198,0.2287846659310162
3Th_ladder_threshold,surrogate,25,0.99,control_symmetric,2,0,12.622045795026148,31.12824777728804,32.04911301821066,12.591345755280377,18.53690202200766,0.23165858397260308
3Th_ladder_threshold,surrogate,25,0.999,control_symmetric,2,0,12.611255336558376,31.115503944117634,32.04911301821066,12.591345755280377,18.524158188837255,0.22955908300355077
3Th_ladder_threshold,surrogate,100,0.95,control_symmetric,2,0,12.607612860496035,31.199442346106956,32.04911301821066,12.5987169574355,18.600725388671457,0.6216962500475347
3Th_ladder_threshold,surrogate,100,0.99,control_symmetric,2,0,12.596323299358867,31.132511160282746,32.04911301821066,12.591345755280377,18.541165405002367,0.61471754219383
3Th_ladder_threshold,surrogate,100,0.999,control_symmetric,2,0,12.588382087649427,31.111188455612318,32.04911301821066,12.58265613237697,18.528532323235346,0.6300772910472006
3Th_ladder_threshold,surrogate,400,0.95,control_symmetric,2,0,12.625611297066678,31.216474276747494,32.04911301821066,12.5987169574355,18.617757319311995,2.264069083146751
3Th_ladder_threshold,surrogate,400,0.99,control_symmetric,2,0,12.592486987120967,31.14027593375918,32.04911301821066,12.591345755280377,18.548930178478805,2.265248625073582
3Th_ladder_threshold,surrogate,400,0.999,control_symmetric,2,0,12.588382087649427,31.12022095272416,32.04911301821066,12.587268966800554,18.532951985923606,2.250247332965955
3Th_ladder_threshold,none,25,0.95,control_symmetric,2,1,15.188063788228943,31.643946405982703,31.643946405982703,14.330437097003246,17.313509308979455,0.13166825007647276
3Th_ladder_threshold,surrogate,25,0.95,control_symmetric,2,1,14.56028344229129,31.00890294438096,31.643946405982703,14.294625581700314,16.714277362680647,0.227079541888088
3Th_ladder_threshold,surrogate,25,0.99,control_symmetric,2,1,14.493118907548112,30.873411415788265,31.643946405982703,14.28047791178232,16.592933504005945,0.2246281250845641
3Th_ladder_threshold,surrogate,25,0.999,control_symmetric,2,1,14.469003253242033,30.78420523062735,31.643946405982703,14.27665798989246,16.50754724073489,0.2249160420615226
3Th_ladder_threshold,surrogate,100,0.95,control_symmetric,2,1,14.376839850583314,30.924125542940747,31.643946405982703,14.291262088005812,16.632863454934935,0.6164354998618364
3Th_ladder_threshold,surrogate,100,0.99,control_symmetric,2,1,14.33938189770026,30.75707826143634,31.643946405982703,14.27665798989246,16.48042027154388,0.6082532501313835
3Th_ladder_threshold,surrogate,100,0.999,control_symmetric,2,1,14.321327718732382,30.695189001296008,31.643946405982703,14.26860350253133,16.42658549876468,0.6085682921111584
3Th_ladder_threshold,surrogate,400,0.95,control_symmetric,2,1,14.37014039000878,30.95189085731898,31.643946405982703,14.291262088005812,16.660628769313167,2.211177207995206
3Th_ladder_threshold,surrogate,400,0.99,control_symmetric,2,1,14.310108240964674,30.78438847248846,31.643946405982703,14.27665798989246,16.507730482596,2.1952300418633968
3Th_ladder_threshold,surrogate,400,0.999,control_symmetric,2,1,14.278321501130899,30.683052980656257,31.643946405982703,14.26860350253133,16.41444947812493,2.1892607922200114
3Th_ladder_threshold,none,25,0.95,control_symmetric,3,0,13.064877085603506,31.70638483721087,31.70638483721087,12.227350206981086,19.479034630229783,0.12754216697067022
3Th_ladder_threshold,surrogate,25,0.95,control_symmetric,3,0,12.181347013706095,30.841919440632957,31.70638483721087,12.159458702287857,18.6824607383451,0.22041620803065598
3Th_ladder_threshold,surrogate,25,0.99,control_symmetric,3,0,12.15593909086512,30.77194523245158,31.70638483721087,12.155894625550737,18.616050606900842,0.21935787494294345
3Th_ladder_threshold,surrogate,25,0.999,control_symmetric,3,0,12.15593909086512,30.75186801037269,31.70638483721087,12.155894625550737,18.595973384821953,0.22061425005085766
3Th_ladder_threshold,surrogate,100,0.95,control_symmetric,3,0,12.208920387453729,30.86008151079676,31.70638483721087,12.159458702287857,18.700622808508903,0.59977679210715
3Th_ladder_threshold,surrogate,100,0.99,control_symmetric,3,0,12.15593909086512,30.748280726270913,31.70638483721087,12.155894625550737,18.592386100720177,0.6117158751003444
3Th_ladder_threshold,surrogate,100,0.999,control_symmetric,3,0,12.151539106636893,30.719927608045417,31.70638483721087,12.152133028562922,18.567794579482495,0.5975232501514256
3Th_ladder_threshold,surrogate,400,0.95,control_symmetric,3,0,12.184902620087477,30.84115194046023,31.70638483721087,12.159458702287857,18.68169323817237,2.1936721249949187
3Th_ladder_threshold,surrogate,400,0.99,control_symmetric,3,0,12.15593909086512,30.7445191292831,31.70638483721087,12.152133028562922,18.592386100720177,2.1953464159741998
3Th_ladder_threshold,surrogate,400,0.999,control_symmetric,3,0,12.151539106636893,30.719927608045417,31.70638483721087,12.152133028562922,18.567794579482495,2.2088755830191076
3Th_ladder_threshold,none,25,0.95,control_symmetric,3,1,14.666480879341936,33.491453189302206,33.491453189302206,13.820262784649369,19.671190404652837,0.12320637493394315
3Th_ladder_threshold,surrogate,25,0.95,control_symmetric,3,1,13.88890352588836,32.72667841214586,33.491453189302206,13.780413094598247,18.946265317547613,0.21958270901814103
3Th_ladder_threshold,surrogate,25,0.99,control_symmetric,3,1,13.859977798754764,32.63072029504198,33.491453189302206,13.780413094598247,18.850307200443737,0.21994741703383625
3Th_ladder_threshold,surrogate,25,0.999,control_symmetric,3,1,13.85670081682574,32.60716179881913,33.491453189302206,13.772778179285659,18.83438361953347,0.22031966713257134
3Th_ladder_threshold,surrogate,100,0.95,control_symmetric,3,1,13.83322045292659,32.768371304146996,33.491453189302206,13.780413094598247,18.98795820954875,0.5961228339001536
3Th_ladder_threshold,surrogate,100,0.99,control_symmetric,3,1,13.789563889180863,32.657156190947596,33.491453189302206,13.772778179285659,18.884378011661937,0.6000582498963922
3Th_ladder_threshold,surrogate,100,0.999,control_symmetric,3,1,13.7817662302213,32.52416247831805,33.491453189302206,13.768825120063577,18.755337358254472,0.6003541250247508
3Th_ladder_threshold,surrogate,400,0.95,control_symmetric,3,1,13.826362837472766,32.754580972348535,33.491453189302206,13.780413094598247,18.97416787775029,2.1888217499945313
3Th_ladder_threshold,surrogate,400,0.99,control_symmetric,3,1,13.793447632492812,32.62697476251596,33.491453189302206,13.772778179285659,18.854196583230298,2.1984257909934968
3Th_ladder_threshold,surrogate,400,0.999,control_symmetric,3,1,13.773671418828556,32.54603420208237,33.491453189302206,13.764857032476659,18.78117716960571,2.2012097919359803
3Th_ladder_threshold,none,25,0.95,control_no_self,0,0,13.477790169709111,33.13423157966436,33.13423157966436,12.639315612267774,20.494915967396587,0.12241745903156698
3Th_ladder_threshold,surrogate,25,0.95,control_no_self,0,0,12.664568587881103,32.31229284316754,33.13423157966436,12.584918477438887,19.727374365728654,0.22222454217262566
3Th_ladder_threshold,surrogate,25,0.99,control_no_self,0,0,12.648562574615317,32.26874917958375,33.13423157966436,12.581683513544933,19.68706566603882,0.21924154087901115
3Th_ladder_threshold,surrogate,25,0.999,control_no_self,0,0,12.648562574615317,32.249012179698994,33.13423157966436,12.577960206714225,19.67105197298477,0.21943375002592802
3Th_ladder_threshold,surrogate,100,0.95,control_no_self,0,0,12.645346467606869,32.319583156263775,33.13423157966436,12.581683513544933,19.737899642718844,0.5990097920875996
3Th_ladder_threshold,surrogate,100,0.99,control_no_self,0,0,12.576526077515789,32.24902185102745,33.13423157966436,12.577960206714225,19.671061644313227,0.5997997920494527
3Th_ladder_threshold,surrogate,100,0.999,control_no_self,0,0,12.576526077515789,32.21661284937929,33.13423157966436,12.577960206714225,19.638652642665065,0.5977858330588788
3Th_ladder_threshold,surrogate,400,0.95,control_no_self,0,0,12.60868596841659,32.323003324018885,33.13423157966436,12.581683513544933,19.741319810473954,2.193687708117068
3Th_ladder_threshold,surrogate,400,0.99,control_no_self,0,0,12.576526077515789,32.24123978984285,33.13423157966436,12.577960206714225,19.663279583128627,2.1956635408569127
3Th_ladder_threshold,surrogate,400,0.999,control_no_self,0,0,12.576526077515789,32.20376308779656,33.13423157966436,12.577960206714225,19.625802881082336,2.1884827080648392
3Th_ladder_threshold,none,25,0.95,control_no_self,0,1,14.354948103228493,31.868609079027387,31.868609079027387,13.516976670121984,18.351632408905402,0.12294341693632305
3Th_ladder_threshold,surrogate,25,0.95,control_no_self,0,1,13.617854944671823,31.163402861232832,31.868609079027387,13.467511242965559,17.695891618267275,0.21951383305713534
3Th_ladder_threshold,surrogate,25,0.99,control_no_self,0,1,13.560429247064565,31.028223682506372,31.868609079027387,13.460953960418664,17.56726972208771,0.21983045805245638
3Th_ladder_threshold,surrogate,25,0.999,control_no_self,0,1,13.5472552884152,30.97650723104003,31.868609079027387,13.456967009877735,17.519540221162295,0.21956145809963346
3Th_ladder_threshold,surrogate,100,0.95,control_no_self,0,1,13.543929510396186,31.122240309293883,31.868609079027387,13.460953960418664,17.66128634887522,0.5987070419359952
3Th_ladder_threshold,surrogate,100,0.99,control_no_self,0,1,13.48850103370578,30.973478667107297,31.868609079027387,13.460953960418664,17.512524706688634,0.5980224998202175
3Th_ladder_threshold,surrogate,100,0.999,control_no_self,0,1,13.48095241640346,30.870534771103557,31.868609079027387,13.456967009877735,17.41356776122582,0.5995185419451445
3Th_ladder_threshold,surrogate,400,0.95,control_no_self,0,1,13.523830223491629,31.1399889291506,31.868609079027387,13.460953960418664,17.679034968731937,2.1886138329282403
3Th_ladder_threshold,surrogate,400,0.99,control_no_self,0,1,13.48095241640346,30.977593688541496,31.868609079027387,13.460953960418664,17.516639728122833,2.2273694169707596
3Th_ladder_threshold,surrogate,400,0.999,control_no_self,0,1,13.477095705220613,30.85725056727364,31.868609079027387,13.456967009877735,17.400283557395902,2.206030665896833
3Th_ladder_threshold,none,25,0.95,control_no_self,1,0,13.812408974985297,31.6029941022893,31.6029941022893,12.974234552450223,18.628759549839078,0.12302504200488329
3Th_ladder_threshold,surrogate,25,0.95,control_no_self,1,0,12.921327039570123,30.780712666931063,31.6029941022893,12.921545038249048,17.859167628682016,0.2208617499563843
3Th_ladder_threshold,surrogate,25,0.99,control_no_self,1,0,12.917306327423406,30.689413874782183,31.6029941022893,12.918019297446214,17.77139457733597,0.21935825003311038
3Th_ladder_threshold,surrogate,25,0.999,control_no_self,1,0,12.917306327423406,30.685707500665934,31.6029941022893,12.918019297446214,17.76768820321972,0.22735799988731742
3Th_ladder_threshold,surrogate,100,0.95,control_no_self,1,0,12.954400459146118,30.766777573879267,31.6029941022893,12.924925102525696,17.84185247135357,0.5983061250299215
3Th_ladder_threshold,surrogate,100,0.99,control_no_self,1,0,12.921327039570123,30.685707500665934,31.6029941022893,12.918019297446214,17.76768820321972,0.6011166670359671
3Th_ladder_threshold,surrogate,100,0.999,control_no_self,1,0,12.917306327423406,30.647039726934413,31.6029941022893,12.914118789495792,17.73292093743862,0.5974294999614358
3Th_ladder_threshold,surrogate,400,0.95,control_no_self,1,0,12.964967851706259,30.770063449359867,31.6029941022893,12.921545038249048,17.848518411110817,2.216482625110075
3Th_ladder_threshold,surrogate,400,0.99,control_no_self,1,0,12.917306327423406,30.685832949171193,31.6029941022893,12.918019297446214,17.76781365172498,2.1992119171191007
3Th_ladder_threshold,surrogate,400,0.999,control_no_self,1,0,12.913036866669023,30.665826264553658,31.6029941022893,12.914118789495792,17.751707475057867,2.195501917041838
3Th_ladder_threshold,none,25,0.95,control_no_self,1,1,15.4143901976153,33.79302627714826,33.79302627714826,14.591791757354894,19.201234519793363,0.12220437498763204
3Th_ladder_threshold,surrogate,25,0.95,control_no_self,1,1,14.680622246291339,33.03389053731105,33.79302627714826,14.56157812679891,18.472312410512142,0.21840558387339115
3Th_ladder_threshold,surrogate,25,0.99,control_no_self,1,1,14.620374127072264,32.92188882005088,33.79302627714826,14.558184679708296,18.363704140342584,0.22045762510970235
3Th_ladder_threshold,surrogate,25,0.999,control_no_self,1,1,14.607047819913651,32.88530626974061,33.79302627714826,14.558184679708296,18.327121590032313,0.2197106669191271
3Th_ladder_threshold,surrogate,100,0.95,control_no_self,1,1,14.603687831518798,33.05824801916157,33.79302627714826,14.558184679708296,18.50006333945327,0.6015794170089066
3Th_ladder_threshold,surrogate,100,0.99,control_no_self,1,1,14.568667475009851,32.9061190358359,33.79302627714826,14.558184679708296,18.347934356127602,0.5971103750634938
3Th_ladder_threshold,surrogate,100,0.999,control_no_self,1,1,14.561205318716734,32.790493274062726,33.79302627714826,14.553980553859196,18.236512720203528,0.6004745829850435
3Th_ladder_threshold,surrogate,400,0.95,control_no_self,1,1,14.593453426060409,33.06167911423887,33.79302627714826,14.56157812679891,18.50010098743996,2.197973833186552
3Th_ladder_threshold,surrogate,400,0.99,control_no_self,1,1,14.568667475009851,32.949033559088335,33.79302627714826,14.558184679708296,18.390848879380037,2.191941750003025
3Th_ladder_threshold,surrogate,400,0.999,control_no_self,1,1,14.557029962030928,32.81820881248342,33.79302627714826,14.553980553859196,18.26422825862422,2.19452783302404
3Th_ladder_threshold,none,25,0.95,control_no_self,2,0,15.048296412037228,31.53778722219544,31.53778722219544,14.208186903957222,17.32960031823822,0.12257758411578834
3Th_ladder_threshold,surrogate,25,0.95,control_no_self,2,0,14.26497336439692,30.746160838553543,31.53778722219544,14.155111519223425,16.591049319330118,0.2204931250307709
3Th_ladder_threshold,surrogate,25,0.99,control_no_self,2,0,14.248856485427646,30.703449230873204,31.53778722219544,14.155111519223425,16.54833771164978,0.21821504109539092
3Th_ladder_threshold,surrogate,25,0.999,control_no_self,2,0,14.242294725195359,30.699886060911332,31.53778722219544,14.155111519223425,16.544774541687907,0.21819108398631215
3Th_ladder_threshold,surrogate,100,0.95,control_no_self,2,0,14.21891612355455,30.714706508908066,31.53778722219544,14.155111519223425,16.55959498968464,0.5964821660891175
3Th_ladder_threshold,surrogate,100,0.99,control_no_self,2,0,14.16659895709612,30.659758472099618,31.53778722219544,14.155111519223425,16.504646952876193,0.596029665786773
3Th_ladder_threshold,surrogate,100,0.999,control_no_self,2,0,14.15173835904796,30.647929553763575,31.53778722219544,14.151285511214002,16.496644042549573,0.6053446668665856
3Th_ladder_threshold,surrogate,400,0.95,control_no_self,2,0,14.215525410253553,30.721278301374845,31.53778722219544,14.155111519223425,16.56616678215142,2.199703791877255
3Th_ladder_threshold,surrogate,400,0.99,control_no_self,2,0,14.159254127805301,30.659758472099618,31.53778722219544,14.155111519223425,16.504646952876193,2.1938884591218084
3Th_ladder_threshold,surrogate,400,0.999,control_no_self,2,0,14.15173835904796,30.639472005520858,31.53778722219544,14.151285511214002,16.488186494306856,2.192094417056069
3Th_ladder_threshold,none,25,0.95,control_no_self,2,1,16.12840283318628,30.442043597701463,30.442043597701463,15.280777048826675,15.161266548874789,0.1220436249859631
3Th_ladder_threshold,surrogate,25,0.95,control_no_self,2,1,15.302058506830331,29.71584112009919,30.442043597701463,15.244963311207613,14.470877808891576,0.21846995898522437
3Th_ladder_threshold,surrogate,25,0.99,control_no_self,2,1,15.264341775381508,29.596812280891363,30.442043597701463,15.23465978549239,14.362152495398973,0.21872162516228855
3Th_ladder_threshold,surrogate,25,0.999,control_no_self,2,1,15.264341775381508,29.535337058229473,30.442043597701463,15.23465978549239,14.300677272737083,0.2186404170934111
3Th_ladder_threshold,surrogate,100,0.95,control_no_self,2,1,15.264341775381508,29.664518920531705,30.442043597701463,15.2415502058041,14.422968714727606,0.6075214589945972
3Th_ladder_threshold,surrogate,100,0.99,control_no_self,2,1,15.2383639246688,29.578010636682208,30.442043597701463,15.230867630998116,14.347143005684092,0.5985675828997046
3Th_ladder_threshold,surrogate,100,0.999,control_no_self,2,1,15.230395395880366,29.523097593542786,30.442043597701463,15.222420320805709,14.300677272737078,0.5986989999655634
3Th_ladder_threshold,surrogate,400,0.95,control_no_self,2,1,15.281647024348025,29.664472589609154,30.442043597701463,15.23465978549239,14.429812804116764,2.1948180000763386
3Th_ladder_threshold,surrogate,400,0.99,control_no_self,2,1,15.257079940789092,29.539435014914645,30.442043597701463,15.230867630998116,14.308567383916529,2.1839670001063496
3Th_ladder_threshold,surrogate,400,0.999,control_no_self,2,1,15.234412715784723,29.498055155465394,30.442043597701463,15.222420320805709,14.275634834659686,2.19119937508367
3Th_ladder_threshold,none,25,0.95,control_no_self,3,0,15.506505919450804,34.498548069037966,34.498548069037966,14.649203533444295,19.849344535593673,0.12234783289022744
3Th_ladder_threshold,surrogate,25,0.95,control_no_self,3,0,14.800775488058235,33.676097667458826,34.498548069037966,14.605097293190914,19.07100037426791,0.2203486249782145
3Th_ladder_threshold,surrogate,25,0.99,control_no_self,3,0,14.657367736131608,33.599266334053155,34.498548069037966,14.59063030291725,19.008636031135907,0.22130891704000533
3Th_ladder_threshold,surrogate,25,0.999,control_no_self,3,0,14.64377241741333,33.59122573853311,34.498548069037966,14.59063030291725,19.000595435615864,0.22120691696181893
3Th_ladder_threshold,surrogate,100,0.95,control_no_self,3,0,14.64377241741333,33.68659224134432,34.498548069037966,14.605097293190914,19.081494948153406,0.6009452079888433
3Th_ladder_threshold,surrogate,100,0.99,control_no_self,3,0,14.61489767858404,33.59892652094606,34.498548069037966,14.59063030291725,19.00829621802881,0.5989655829034746
3Th_ladder_threshold,surrogate,100,0.999,control_no_self,3,0,14.5955577244955,33.5746952608004,34.498548069037966,14.59063030291725,18.98406495788315,0.6011551248375326
3Th_ladder_threshold,surrogate,400,0.95,control_no_self,3,0,14.64377241741333,33.67588356138215,34.498548069037966,14.605097293190914,19.070786268191235,2.189861125079915
3Th_ladder_threshold,surrogate,400,0.99,control_no_self,3,0,14.61489767858404,33.59922438525376,34.498548069037966,14.59063030291725,19.008594082336515,2.2036258329171687
3Th_ladder_threshold,surrogate,400,0.999,control_no_self,3,0,14.5955577244955,33.57051411564537,34.498548069037966,14.59063030291725,18.979883812728126,2.1902697919867933
3Th_ladder_threshold,none,25,0.95,control_no_self,3,1,15.653245495486953,30.901879001016606,30.901879001016606,14.827461916305683,16.074417084710923,0.12277183285914361
3Th_ladder_threshold,surrogate,25,0.95,control_no_self,3,1,14.897840472279835,30.09777061512481,30.901879001016606,14.775706786234808,15.32206382889,0.21920766704715788
3Th_ladder_threshold,surrogate,25,0.99,control_no_self,3,1,14.776629766984057,29.999361204276767,30.901879001016606,14.768971674609192,15.230389529667574,0.21952591696754098
3Th_ladder_threshold,surrogate,25,0.999,control_no_self,3,1,14.768786630384954,29.999361204276767,30.901879001016606,14.768971674609192,15.230389529667574,0.21738125011324883
3Th_ladder_threshold,surrogate,100,0.95,control_no_self,3,1,14.780350699078097,30.080343949366274,30.901879001016606,14.772443588044823,15.307900361321451,0.59833037503995
3Th_ladder_threshold,surrogate,100,0.99,control_no_self,3,1,14.768786630384954,29.975662623758215,30.901879001016606,14.765253593851034,15.210409029907181,0.5998058749828488
3Th_ladder_threshold,surrogate,100,0.999,control_no_self,3,1,14.768786630384954,29.92940311247424,30.901879001016606,14.76076613517961,15.16863697729463,0.5994800420012325
3Th_ladder_threshold,surrogate,400,0.95,control_no_self,3,1,14.79455062768174,30.108470858941672,30.901879001016606,14.772443588044823,15.33602727089685,2.1979666659608483
3Th_ladder_threshold,surrogate,400,0.99,control_no_self,3,1,14.768786630384954,29.98003631763865,30.901879001016606,14.765253593851034,15.214782723787616,2.1923480830155313
3Th_ladder_threshold,surrogate,400,0.999,control_no_self,3,1,14.768786630384954,29.934017884954912,30.901879001016606,14.765253593851034,15.168764291103878,2.1902396657969803
3Th_ladder_threshold,none,25,0.95,degree_preserving,0,0,11.622354164665238,26.699112486459164,26.699112486459164,10.764914143960425,15.934198342498739,0.12294912501238286
3Th_ladder_threshold,surrogate,25,0.95,degree_preserving,0,0,10.930234954541305,25.913184141192517,26.699112486459164,10.716115368711208,15.197068772481309,0.2214634579140693
3Th_ladder_threshold,surrogate,25,0.99,degree_preserving,0,0,10.71492947966805,25.756306494026347,26.699112486459164,10.709284405079135,15.047022088947212,0.21873537497594953
3Th_ladder_threshold,surrogate,25,0.999,degree_preserving,0,0,10.710958456494042,25.744429308054777,26.699112486459164,10.709284405079135,15.035144902975642,0.21818108297884464
3Th_ladder_threshold,surrogate,100,0.95,degree_preserving,0,0,10.76905610375063,25.88856277776831,26.699112486459164,10.716115368711208,15.172447409057103,0.6024464161600918
3Th_ladder_threshold,surrogate,100,0.99,degree_preserving,0,0,10.741124062543038,25.760430017684527,26.699112486459164,10.709284405079135,15.051145612605392,0.5981535410974175
3Th_ladder_threshold,surrogate,100,0.999,degree_preserving,0,0,10.710958456494042,25.694682953826053,26.699112486459164,10.701120431837566,14.993562521988487,0.5992599579039961
3Th_ladder_threshold,surrogate,400,0.95,degree_preserving,0,0,10.76905610375063,25.867064971567167,26.699112486459164,10.712732008695962,15.154332962871205,2.1827236670069396
3Th_ladder_threshold,surrogate,400,0.99,degree_preserving,0,0,10.71881682499243,25.760430017684527,26.699112486459164,10.709284405079135,15.051145612605392,2.189083875156939
3Th_ladder_threshold,surrogate,400,0.999,degree_preserving,0,0,10.706710369686244,25.690500160365595,26.699112486459164,10.701120431837566,14.989379728528029,2.1981627501081675
3Th_ladder_threshold,none,25,0.95,degree_preserving,0,1,12.940084137842925,27.27039702646052,27.27039702646052,12.091611195894274,15.178785830566248,0.12574070785194635
3Th_ladder_threshold,surrogate,25,0.95,degree_preserving,0,1,12.168519996245823,26.582911518832717,27.27039702646052,12.053534907852823,14.529376610979893,0.2202653749845922
3Th_ladder_threshold,surrogate,25,0.99,degree_preserving,0,1,12.12279328090357,26.397220067761648,27.27039702646052,12.050078595255032,14.347141472506616,0.22157970909029245
3Th_ladder_threshold,surrogate,25,0.999,degree_preserving,0,1,12.119410914000737,26.298041959754947,27.27039702646052,12.042630714390251,14.255411245364696,0.21963700000196695
3Th_ladder_threshold,surrogate,100,0.95,degree_preserving,0,1,12.109157778601425,26.527811376764753,27.27039702646052,12.053534907852823,14.47427646891193,0.6069828330073506
3Th_ladder_threshold,surrogate,100,0.99,degree_preserving,0,1,12.062806942760151,26.370664387423993,27.27039702646052,12.042630714390251,14.328033673033742,0.6004683338105679
3Th_ladder_threshold,surrogate,100,0.999,degree_preserving,0,1,12.047621137873454,26.226861815167887,27.27039702646052,12.038772457556354,14.188089357611533,0.6034678749274462
3Th_ladder_threshold,surrogate,400,0.95,degree_preserving,0,1,12.095310157959863,26.545315952190016,27.27039702646052,12.050078595255032,14.495237356934984,2.2119668750092387
3Th_ladder_threshold,surrogate,400,0.99,degree_preserving,0,1,12.047621137873454,26.378361664036042,27.27039702646052,12.042630714390251,14.335730949645791,2.19378300011158
3Th_ladder_threshold,surrogate,400,0.999,degree_preserving,0,1,12.043622919696626,26.235345840647582,27.27039702646052,12.038772457556354,14.196573383091229,2.189471541903913
3Th_ladder_threshold,none,25,0.95,degree_preserving,1,0,12.450970110976552,31.362054568398207,31.362054568398207,11.595671292389724,19.766383276008483,0.12212462490424514
3Th_ladder_threshold,surrogate,25,0.95,degree_preserving,1,0,11.679183224403367,30.513213622705557,31.362054568398207,11.538416727853198,18.97479689485236,0.21958712488412857
3Th_ladder_threshold,surrogate,25,0.99,degree_preserving,1,0,11.617324346588118,30.458631123515126,31.362054568398207,11.531377101585367,18.92725402192976,0.21957970899529755
3Th_ladder_threshold,surrogate,25,0.999,degree_preserving,1,0,11.599711218478603,30.42621718733604,31.362054568398207,11.531377101585367,18.894840085750673,0.21850512502714992
3Th_ladder_threshold,surrogate,100,0.95,degree_preserving,1,0,11.599711218478603,30.502531637714,31.362054568398207,11.538416727853198,18.964114909860804,0.5967247500084341
3Th_ladder_threshold,surrogate,100,0.99,degree_preserving,1,0,11.54881630257422,30.438484171389348,31.362054568398207,11.531377101585367,18.90710706980398,0.5992995421402156
3Th_ladder_threshold,surrogate,100,0.999,degree_preserving,1,0,11.533482973316943,30.41856640119336,31.362054568398207,11.531377101585367,18.887189299607993,0.5996354590170085
3Th_ladder_threshold,surrogate,400,0.95,degree_preserving,1,0,11.617324346588118,30.505972697256702,31.362054568398207,11.538416727853198,18.967555969403506,2.1920773331075907
3Th_ladder_threshold,surrogate,400,0.99,degree_preserving,1,0,11.54881630257422,30.438484171389348,31.362054568398207,11.531377101585367,18.90710706980398,2.1904087089933455
3Th_ladder_threshold,surrogate,400,0.999,degree_preserving,1,0,11.533482973316943,30.397522905808557,31.362054568398207,11.531377101585367,18.86614580422319,2.1860789579804987
3Th_ladder_threshold,none,25,0.95,degree_preserving,1,1,12.336175295707417,30.54856143720118,30.54856143720118,11.50164946361585,19.04691197358533,0.12216012505814433
3Th_ladder_threshold,surrogate,25,0.95,degree_preserving,1,1,11.697602049405262,29.825737525079738,30.54856143720118,11.46221273695903,18.363524788120706,0.22008937480859458
3Th_ladder_threshold,surrogate,25,0.99,degree_preserving,1,1,11.485024191918026,29.71364122426174,30.54856143720118,11.46221273695903,18.25142848730271,0.2180323749780655
3Th_ladder_threshold,surrogate,25,0.999,degree_preserving,1,1,11.477578359470856,29.634564269094398,30.54856143720118,11.45417441847271,18.180389850621687,0.21877579111605883
3Th_ladder_threshold,surrogate,100,0.95,degree_preserving,1,1,11.499040804982878,29.792442254706728,30.54856143720118,11.46221273695903,18.330229517747696,0.6040669579524547
3Th_ladder_threshold,surrogate,100,0.99,degree_preserving,1,1,11.477578359470856,29.615778013570996,30.54856143720118,11.46221273695903,18.153565276611964,0.5966968331485987
3Th_ladder_threshold,surrogate,100,0.999,degree_preserving,1,1,11.461242309096338,29.37281522903614,30.54856143720118,11.45417441847271,17.918640810563428,0.5990849579684436
3Th_ladder_threshold,surrogate,400,0.95,degree_preserving,1,1,11.499040804982878,29.782153535345703,30.54856143720118,11.46221273695903,18.319940798386675,2.189772167010233
3Th_ladder_threshold,surrogate,400,0.99,degree_preserving,1,1,11.477578359470856,29.59632353529431,30.54856143720118,11.46221273695903,18.13411079833528,2.19461395801045
3Th_ladder_threshold,surrogate,400,0.999,degree_preserving,1,1,11.452542863419303,29.455110420578585,30.54856143720118,11.449957181156773,18.005153239421812,2.1866457499563694
3Th_ladder_threshold,none,25,0.95,degree_preserving,2,0,12.185182840135594,29.038747517622216,29.038747517622216,11.323881290406959,17.714866227215257,0.12263208301737905
3Th_ladder_threshold,surrogate,25,0.95,degree_preserving,2,0,11.41868998321818,28.19580215783796,29.038747517622216,11.266720460676453,16.929081697161507,0.21885408298112452
3Th_ladder_threshold,surrogate,25,0.99,degree_preserving,2,0,11.382951942475351,28.125250205057434,29.038747517622216,11.2632458004389,16.86200440461853,0.21860099979676306
3Th_ladder_threshold,surrogate,25,0.999,degree_preserving,2,0,11.376356042515436,28.10627941054451,29.038747517622216,11.2632458004389,16.843033610105607,0.2184775830246508
3Th_ladder_threshold,surrogate,100,0.95,degree_preserving,2,0,11.329025165915294,28.1886597383235,29.038747517622216,11.2632458004389,16.9254139378846,0.5970986250322312
3Th_ladder_threshold,surrogate,100,0.99,degree_preserving,2,0,11.286281597121055,28.082007070983284,29.038747517622216,11.2632458004389,16.818761270544385,0.5954615839291364
3Th_ladder_threshold,surrogate,100,0.999,degree_preserving,2,0,11.286281597121055,28.03282859884202,29.038747517622216,11.259129119677231,16.77369947916479,0.5969174590427428
3Th_ladder_threshold,surrogate,400,0.95,degree_preserving,2,0,11.332487041302809,28.22663706737062,29.038747517622216,11.266720460676453,16.95991660669417,2.193259207997471
3Th_ladder_threshold,surrogate,400,0.99,degree_preserving,2,0,11.286281597121055,28.086213763836156,29.038747517622216,11.2632458004389,16.822967963397254,2.1938572500366718
3Th_ladder_threshold,surrogate,400,0.999,degree_preserving,2,0,11.266159243161585,28.033179872484794,29.038747517622216,11.259129119677231,16.77405075280756,2.20839941711165
3Th_ladder_threshold,none,25,0.95,degree_preserving,2,1,14.755873951368603,26.112416291530046,26.112416291530046,13.906690697911019,12.205725593619027,0.12183991610072553
3Th_ladder_threshold,surrogate,25,0.95,degree_preserving,2,1,13.96821851065383,25.386507540520522,26.112416291530046,13.866687439867247,11.519820100653275,0.22009116620756686
3Th_ladder_threshold,surrogate,25,0.99,degree_preserving,2,1,13.88316724515043,25.293949969533124,26.112416291530046,13.866687439867247,11.427262529665876,0.21971945883706212
3Th_ladder_threshold,surrogate,25,0.999,degree_preserving,2,1,13.871487241975162,25.221822228154494,26.112416291530046,13.85976369067161,11.362058537482884,0.22018912504427135
3Th_ladder_threshold,surrogate,100,0.95,degree_preserving,2,1,13.918585910079871,25.341572431549704,26.112416291530046,13.866687439867247,11.474884991682456,0.5989692499861121
3Th_ladder_threshold,surrogate,100,0.99,degree_preserving,2,1,13.875436363647912,25.234912611902935,26.112416291530046,13.856070251165155,11.37884236073778,0.5971527500078082
3Th_ladder_threshold,surrogate,100,0.999,degree_preserving,2,1,13.871487241975162,25.12098187347927,26.112416291530046,13.856070251165155,11.264911622314115,0.5969017909374088
3Th_ladder_threshold,surrogate,400,0.95,degree_preserving,2,1,13.915181439147553,25.366183751526794,26.112416291530046,13.863235904431237,11.502947847095557,2.194941165857017
3Th_ladder_threshold,surrogate,400,0.99,degree_preserving,2,1,13.886916642182817,25.234930170264203,26.112416291530046,13.856070251165155,11.378859919099048,2.1834801661316305
3Th_ladder_threshold,surrogate,400,0.999,degree_preserving,2,1,13.863354431074988,25.132479053456095,26.112416291530046,13.856070251165155,11.27640880229094,2.1800897079519928
3Th_ladder_threshold,none,25,0.95,degree_preserving,3,0,13.187011069298904,31.045284296227155,31.045284296227155,12.353483844613871,18.691800451613283,0.12341291713528335
3Th_ladder_threshold,surrogate,25,0.95,degree_preserving,3,0,12.472618616955993,30.21809010315982,31.045284296227155,12.300421192420698,17.917668910739124,0.2193658750038594
3Th_ladder_threshold,surrogate,25,0.99,degree_preserving,3,0,12.45128168534969,30.147730209821134,31.045284296227155,12.293692695907684,17.85403751391345,0.22184574999846518
3Th_ladder_threshold,surrogate,25,0.999,degree_preserving,3,0,12.44817597943248,30.14333424785847,31.045284296227155,12.293692695907684,17.849641551950786,0.21847924985922873
3Th_ladder_threshold,surrogate,100,0.95,degree_preserving,3,0,12.3136119661845,30.207204045655786,31.045284296227155,12.297203321235001,17.910000724420783,0.5968669999856502
3Th_ladder_threshold,surrogate,100,0.99,degree_preserving,3,0,12.286712397824823,30.151445058925546,31.045284296227155,12.293692695907684,17.857752363017863,0.5982007919810712
3Th_ladder_threshold,surrogate,100,0.999,degree_preserving,3,0,12.286712397824823,30.11459266674008,31.045284296227155,12.2899667924558,17.82462587428428,0.5978780000004917
3Th_ladder_threshold,surrogate,400,0.95,degree_preserving,3,0,12.345695382476446,30.214094428390823,31.045284296227155,12.297203321235001,17.91689110715582,2.190835583023727
3Th_ladder_threshold,surrogate,400,0.99,degree_preserving,3,0,12.29069802092681,30.151615272215288,31.045284296227155,12.2899667924558,17.861648479759488,2.186381750041619
3Th_ladder_threshold,surrogate,400,0.999,degree_preserving,3,0,12.286712397824823,30.119068574896588,31.045284296227155,12.2899667924558,17.829101782440787,2.1844002918805927
3Th_ladder_threshold,none,25,0.95,degree_preserving,3,1,14.643176326115167,27.938000110202495,27.938000110202495,13.800084491419558,14.137915618782937,0.12254008301533759
3Th_ladder_threshold,surrogate,25,0.95,degree_preserving,3,1,13.96314360474993,27.271719900283085,27.938000110202495,13.772434013594825,13.49928588668826,0.2215372498612851
3Th_ladder_threshold,surrogate,25,0.99,degree_preserving,3,1,13.830301213708829,27.066790598163692,27.938000110202495,13.761543796282528,13.305246801881164,0.21857554116286337
3Th_ladder_threshold,surrogate,25,0.999,degree_preserving,3,1,13.809344267601695,27.031145941083942,27.938000110202495,13.748901085402922,13.28224485568102,0.21836658287793398
3Th_ladder_threshold,surrogate,100,0.95,degree_preserving,3,1,13.826873600981077,27.221571429717265,27.938000110202495,13.772434013594825,13.44913741612244,0.6007263341452926
3Th_ladder_threshold,surrogate,100,0.99,degree_preserving,3,1,13.809344267601695,27.03987845372412,27.938000110202495,13.765461446547427,13.274417007176694,0.5988095831125975
3Th_ladder_threshold,surrogate,100,0.999,degree_preserving,3,1,13.805780348126165,26.934895033526043,27.938000110202495,13.761543796282528,13.173351237243516,0.6006996668875217
3Th_ladder_threshold,surrogate,400,0.95,degree_preserving,3,1,13.833721524546743,27.243172755140534,27.938000110202495,13.772434013594825,13.47073874154571,2.1922722500748932
3Th_ladder_threshold,surrogate,400,0.99,degree_preserving,3,1,13.802152838197209,27.051679842999732,27.938000110202495,13.765461446547427,13.286218396452306,2.19634541682899
3Th_ladder_threshold,surrogate,400,0.999,degree_preserving,3,1,13.786986959130887,26.9228975098336,27.938000110202495,13.753172495785522,13.169725014048078,2.188912499928847
3Th_ladder_threshold,none,25,0.95,barabasi_albert,0,0,12.48088913550278,27.972103653890166,27.972103653890166,11.624397067106452,16.347706586783715,0.12231879099272192
3Th_ladder_threshold,surrogate,25,0.95,barabasi_albert,0,0,11.639257965177844,27.129080011408142,27.972103653890166,11.57966245823459,15.549417553173551,0.21813404094427824
3Th_ladder_threshold,surrogate,25,0.99,barabasi_albert,0,0,11.618758413895453,27.045509968856237,27.972103653890166,11.57332782397006,15.472182144886178,0.21883329190313816
3Th_ladder_threshold,surrogate,25,0.999,barabasi_albert,0,0,11.618758413895453,27.001768955520806,27.972103653890166,11.57332782397006,15.428441131550747,0.21902566612698138
3Th_ladder_threshold,surrogate,100,0.95,barabasi_albert,0,0,11.632469489855161,27.11931742286269,27.972103653890166,11.57332782397006,15.54598959889263,0.5983907908666879
3Th_ladder_threshold,surrogate,100,0.99,barabasi_albert,0,0,11.59380499569333,27.033310235706246,27.972103653890166,11.57332782397006,15.459982411736187,0.5976189591456205
3Th_ladder_threshold,surrogate,100,0.999,barabasi_albert,0,0,11.552796769152998,26.98567585622542,27.972103653890166,11.56914170766631,15.41653414855911,0.5974012089427561
3Th_ladder_threshold,surrogate,400,0.95,barabasi_albert,0,0,11.618758413895453,27.10827870881531,27.972103653890166,11.57332782397006,15.53495088484525,2.190433874959126
3Th_ladder_threshold,surrogate,400,0.99,barabasi_albert,0,0,11.574607104429404,27.014166350595787,27.972103653890166,11.57332782397006,15.440838526625727,2.1842235000804067
3Th_ladder_threshold,surrogate,400,0.999,barabasi_albert,0,0,11.552796769152998,26.950918223105376,27.972103653890166,11.57332782397006,15.377590399135316,2.1911006250884384
3Th_ladder_threshold,none,25,0.95,barabasi_albert,0,1,12.703813609702152,31.69958366031117,31.69958366031117,11.85466874653172,19.844914913779448,0.12233225000090897
3Th_ladder_threshold,surrogate,25,0.95,barabasi_albert,0,1,11.914018161802623,30.931254984467888,31.69958366031117,11.815471555861357,19.11578342860653,0.21968595799989998
3Th_ladder_threshold,surrogate,25,0.99,barabasi_albert,0,1,11.862407202937009,30.856349882170985,31.69958366031117,11.805189284190561,19.051160597980424,0.21844525006599724
3Th_ladder_threshold,surrogate,25,0.999,barabasi_albert,0,1,11.845339276021324,30.798560626765013,31.69958366031117,11.805189284190561,18.993371342574452,0.21867512492462993
3Th_ladder_threshold,surrogate,100,0.95,barabasi_albert,0,1,11.845339276021324,30.910850701803056,31.69958366031117,11.808844253985983,19.102006447817075,0.5980275420006365
3Th_ladder_threshold,surrogate,100,0.99,barabasi_albert,0,1,11.83838384176822,30.79234145429607,31.69958366031117,11.801432818868857,18.990908635427214,0.5994887501001358
3Th_ladder_threshold,surrogate,100,0.999,barabasi_albert,0,1,11.83838384176822,30.71757769890325,31.69958366031117,11.797622484160694,18.919955214742554,0.5977687498088926
3Th_ladder_threshold,surrogate,400,0.95,barabasi_albert,0,1,11.845339276021324,30.928282122390847,31.69958366031117,11.808844253985983,19.119437868404866,2.196473666932434
3Th_ladder_threshold,surrogate,400,0.99,barabasi_albert,0,1,11.819326056396571,30.78853111958791,31.69958366031117,11.797622484160694,18.990908635427214,2.183129500132054
3Th_ladder_threshold,surrogate,400,0.999,barabasi_albert,0,1,11.815268631845589,30.695748781176462,31.69958366031117,11.793112045744696,18.902636735431766,2.1851800829172134
3Th_ladder_threshold,none,25,0.95,barabasi_albert,1,0,12.873600360142694,30.39345562653715,30.39345562653715,12.033349707389315,18.360105919147834,0.12212499999441206
3Th_ladder_threshold,surrogate,25,0.95,barabasi_albert,1,0,12.14642756292078,29.549266046717815,30.39345562653715,11.968939580359688,17.580326466358127,0.22134874993935227
3Th_ladder_threshold,surrogate,25,0.99,barabasi_albert,1,0,12.128362667799355,29.462201138983275,30.39345562653715,11.962209503302358,17.499991635680917,0.21957066701725125
3Th_ladder_threshold,surrogate,25,0.999,barabasi_albert,1,0,12.125338331656408,29.457867496345457,30.39345562653715,11.962209503302358,17.4956579930431,0.2256150001194328
3Th_ladder_threshold,surrogate,100,0.95,barabasi_albert,1,0,12.062864129497433,29.580887103300057,30.39345562653715,11.965608265021839,17.61527883827822,0.5973477920051664
3Th_ladder_threshold,surrogate,100,0.99,barabasi_albert,1,0,12.006132410191027,29.490417642485205,30.39345562653715,11.962209503302358,17.528208139182848,0.598451207857579
3Th_ladder_threshold,surrogate,100,0.999,barabasi_albert,1,0,11.952752361910708,29.4456052028261,30.39345562653715,11.958235888933931,17.48736931389217,0.5982885418925434
3Th_ladder_threshold,surrogate,400,0.95,barabasi_albert,1,0,12.013057610675428,29.56003822898102,30.39345562653715,11.962209503302358,17.597828725678664,2.1866156251635402
3Th_ladder_threshold,surrogate,400,0.99,barabasi_albert,1,0,11.969629109818646,29.47109971865115,30.39345562653715,11.962209503302358,17.508890215348792,2.189936417154968
3Th_ladder_threshold,surrogate,400,0.999,barabasi_albert,1,0,11.952752361910708,29.42895867294802,30.39345562653715,11.954037379650684,17.474921293297335,2.1940415839198977
3Th_ladder_threshold,none,25,0.95,barabasi_albert,1,1,12.4991954950943,28.35736144762914,28.35736144762914,11.659531664681165,16.697829782947974,0.12176954210735857
3Th_ladder_threshold,surrogate,25,0.95,barabasi_albert,1,1,11.802373654467415,27.648092979774866,28.35736144762914,11.60922313250521,16.038869847269655,0.22018604213371873
3Th_ladder_threshold,surrogate,25,0.99,barabasi_albert,1,1,11.737720765054338,27.502666942689366,28.35736144762914,11.60922313250521,15.893443810184156,0.2197123751975596
3Th_ladder_threshold,surrogate,25,0.999,barabasi_albert,1,1,11.728158271198794,27.44859136109177,28.35736144762914,11.605397847850709,15.84319351324106,0.21760237496346235
3Th_ladder_threshold,surrogate,100,0.95,barabasi_albert,1,1,11.647679291949792,27.590317339698952,28.35736144762914,11.60922313250521,15.981094207193742,0.5991507500875741
3Th_ladder_threshold,surrogate,100,0.99,barabasi_albert,1,1,11.629767226129475,27.448713208754423,28.35736144762914,11.605397847850709,15.843315360903715,0.5991177919786423
3Th_ladder_threshold,surrogate,100,0.999,barabasi_albert,1,1,11.614297892175927,27.394937794854066,28.35736144762914,11.605397847850709,15.789539947003357,0.5983419171534479
3Th_ladder_threshold,surrogate,400,0.95,barabasi_albert,1,1,11.647679291949792,27.6110859973071,28.35736144762914,11.60922313250521,16.00186286480189,2.19218345801346
3Th_ladder_threshold,surrogate,400,0.99,barabasi_albert,1,1,11.629767226129475,27.452589180120576,28.35736144762914,11.605397847850709,15.847191332269867,2.1876592920161784
3Th_ladder_threshold,surrogate,400,0.999,barabasi_albert,1,1,11.614297892175927,27.355478320673903,28.35736144762914,11.600946130316267,15.754532190357637,2.185693916864693
3Th_ladder_threshold,none,25,0.95,barabasi_albert,2,0,12.952652825818523,28.995985713394553,28.995985713394553,12.105803177673504,16.89018253572105,0.12502520810812712
3Th_ladder_threshold,surrogate,25,0.95,barabasi_albert,2,0,12.176761359859208,28.13813126220932,28.995985713394553,12.040595656209284,16.097535606000037,0.2202602499164641
3Th_ladder_threshold,surrogate,25,0.99,barabasi_albert,2,0,12.042172664249499,28.03526478838431,28.995985713394553,12.033713896235277,16.001550892149034,0.2190682499203831
3Th_ladder_threshold,surrogate,25,0.999,barabasi_albert,2,0,12.030602539915922,27.98965437590552,28.995985713394553,12.021250934169608,15.968403441735912,0.21942345798015594
3Th_ladder_threshold,surrogate,100,0.95,barabasi_albert,2,0,12.063861966385316,28.106980104631795,28.995985713394553,12.037310992699556,16.06966911193224,0.597039416898042
3Th_ladder_threshold,surrogate,100,0.99,barabasi_albert,2,0,12.030602539915922,28.043317684037564,28.995985713394553,12.033713896235277,16.009603787802288,0.5967955419328064
3Th_ladder_threshold,surrogate,100,0.999,barabasi_albert,2,0,12.022087034561387,27.96410484265736,28.995985713394553,12.021250934169608,15.942853908487752,0.5992912091314793
3Th_ladder_threshold,surrogate,400,0.95,barabasi_albert,2,0,12.067397884820044,28.120302086608707,28.995985713394553,12.037310992699556,16.08299109390915,2.2116413752082735
3Th_ladder_threshold,surrogate,400,0.99,barabasi_albert,2,0,12.038380594814432,28.03536909955771,28.995985713394553,12.033713896235277,16.001655203322432,2.192231458844617
3Th_ladder_threshold,surrogate,400,0.999,barabasi_albert,2,0,12.022087034561387,27.97725774008291,28.995985713394553,12.025573648769203,15.951684091313705,2.1892434160690755
3Th_ladder_threshold,none,25,0.95,barabasi_albert,2,1,14.335769832643624,30.269489111883946,30.269489111883946,13.485269914775287,16.78421919710866,0.12248633312992752
3Th_ladder_threshold,surrogate,25,0.95,barabasi_albert,2,1,13.489050401482148,29.57209744093705,30.269489111883946,13.454998297793848,16.1170991431432,0.21806016704067588
3Th_ladder_threshold,surrogate,25,0.99,barabasi_albert,2,1,13.485507689317291,29.476173043257617,30.269489111883946,13.451288219190321,16.024884824067296,0.2178011250216514
3Th_ladder_threshold,surrogate,25,0.999,barabasi_albert,2,1,13.485507689317291,29.38057590444288,30.269489111883946,13.451288219190321,15.929287685252557,0.2187763750553131
3Th_ladder_threshold,surrogate,100,0.95,barabasi_albert,2,1,13.489050401482148,29.55837041855719,30.269489111883946,13.458477277074653,16.099893141482536,0.5988352908752859
3Th_ladder_threshold,surrogate,100,0.99,barabasi_albert,2,1,13.46026020351873,29.337689154740694,30.269489111883946,13.454998297793848,15.882690856946846,0.5990953329019248
3Th_ladder_threshold,surrogate,100,0.999,barabasi_albert,2,1,13.452707632348146,29.2879217241641,30.269489111883946,13.451288219190321,15.83663350497378,0.5958674580324441
3Th_ladder_threshold,surrogate,400,0.95,barabasi_albert,2,1,13.509953824442285,29.56181849510106,30.269489111883946,13.458477277074653,16.103341218026408,2.190441083861515
3Th_ladder_threshold,surrogate,400,0.99,barabasi_albert,2,1,13.452707632348146,29.38258812621186,30.269489111883946,13.451288219190321,15.93129990702154,2.1912239170633256
3Th_ladder_threshold,surrogate,400,0.999,barabasi_albert,2,1,13.452707632348146,29.266201808166873,30.269489111883946,13.44281062337776,15.823391184789113,2.184550124919042
3Th_ladder_threshold,none,25,0.95,barabasi_albert,3,0,12.543964009963855,28.947118450574372,28.947118450574372,11.69607641491256,17.25104203566181,0.12167433300055563
3Th_ladder_threshold,surrogate,25,0.95,barabasi_albert,3,0,11.691607655157437,28.10685028098041,28.947118450574372,11.658414613571727,16.44843566740868,0.21872279210947454
3Th_ladder_threshold,surrogate,25,0.99,barabasi_albert,3,0,11.677471683874083,28.00819925853768,28.947118450574372,11.651358792236865,16.356840466300817,0.2186072499025613
3Th_ladder_threshold,surrogate,25,0.999,barabasi_albert,3,0,11.67381090227988,28.000596621005048,28.947118450574372,11.651358792236865,16.34923782876818,0.2211294169537723
3Th_ladder_threshold,surrogate,100,0.95,barabasi_albert,3,0,11.681078020711812,28.101843252699133,28.947118450574372,11.655023604789358,16.446819647909777,0.5961232921108603
3Th_ladder_threshold,surrogate,100,0.99,barabasi_albert,3,0,11.670121428522132,27.9676552759749,28.947118450574372,11.651358792236865,16.316296483738036,0.597769666928798
3Th_ladder_threshold,surrogate,100,0.999,barabasi_albert,3,0,11.626882900782299,27.939141462889317,28.947118450574372,11.647415400865109,16.29172606202421,0.5986761669628322
3Th_ladder_threshold,surrogate,400,0.95,barabasi_albert,3,0,11.698476256835441,28.120222233377206,28.947118450574372,11.658414613571727,16.461807619805477,2.18357608304359
3Th_ladder_threshold,surrogate,400,0.99,barabasi_albert,3,0,11.658856966303082,27.992759130367325,28.947118450574372,11.651358792236865,16.341400338130462,2.200954208150506
3Th_ladder_threshold,surrogate,400,0.999,barabasi_albert,3,0,11.626882900782299,27.927092464860728,28.947118450574372,11.63086437303484,16.29622809182589,2.18961116601713
3Th_ladder_threshold,none,25,0.95,barabasi_albert,3,1,14.006094462833566,28.95079462930444,28.95079462930444,13.150499718378493,15.800294910925947,0.12189154210500419
3Th_ladder_threshold,surrogate,25,0.95,barabasi_albert,3,1,13.194180174945393,28.251684288119996,28.95079462930444,13.127806094360324,15.123878193759673,0.21864400012418628
3Th_ladder_threshold,surrogate,25,0.99,barabasi_albert,3,1,13.1634299110359,28.013190378992114,28.95079462930444,13.11031071290968,14.902879666082434,0.21953475009649992
3Th_ladder_threshold,surrogate,25,0.999,barabasi_albert,3,1,13.159890246010645,27.947069408090744,28.95079462930444,13.106392801598936,14.840676606491808,0.21840608306229115
3Th_ladder_threshold,surrogate,100,0.95,barabasi_albert,3,1,13.184084625548177,28.20143065163328,28.95079462930444,13.12455753139141,15.07687312024187,0.5976398750208318
3Th_ladder_threshold,surrogate,100,0.99,barabasi_albert,3,1,13.145598770101964,28.015985690102664,28.95079462930444,13.114170702626673,14.90181498747599,0.5959578328765929
3Th_ladder_threshold,surrogate,100,0.999,barabasi_albert,3,1,13.126802241284249,27.928993827399292,28.95079462930444,13.106392801598936,14.822601025800356,0.5979152088984847
3Th_ladder_threshold,surrogate,400,0.95,barabasi_albert,3,1,13.170397161456949,28.21542398472848,28.95079462930444,13.121191858616232,15.09423212611225,2.1868267089594156
3Th_ladder_threshold,surrogate,400,0.99,barabasi_albert,3,1,13.130674536933572,28.024820640493026,28.95079462930444,13.11031071290968,14.914509927583346,2.189001874998212
3Th_ladder_threshold,surrogate,400,0.999,barabasi_albert,3,1,13.122878952758914,27.960058309111083,28.95079462930444,13.106392801598936,14.853665507512147,2.1925020408816636
