experiment,replicate,offset_ratio,drive_mean,drive_std,rho,leak_rate,n_units,sigma_u,n_steps,degree,capacity,capacity_raw,ipc_total,wall_time_s
3S_symmetry,0,0.0,0.00013431698535530394,0.20099158102858483,0.95,1.0,50,0.2,30000,1,14.511929152696323,14.551960418337707,29.962607156350533,0.944781124824658
3S_symmetry,0,0.0,0.00013431698535530394,0.20099158102858483,0.95,1.0,50,0.2,30000,2,0.04100103973926528,0.3756893197806468,29.962607156350533,0.944781124824658
3S_symmetry,0,0.0,0.00013431698535530394,0.20099158102858483,0.95,1.0,50,0.2,30000,3,15.409676963914952,15.409676963914952,29.962607156350533,0.944781124824658
3S_symmetry,0,0.0,0.00013431698535530394,0.20099158102858483,0.95,1.0,50,0.2,30000,4,0.0,0.22576897109812288,29.962607156350533,0.944781124824658
3S_symmetry,0,0.5,0.10013431698535531,0.20099158102858483,0.95,1.0,50,0.2,30000,1,13.911170495919233,13.948592628450609,33.17985790518266,0.9202435419429094
3S_symmetry,0,0.5,0.10013431698535531,0.20099158102858483,0.95,1.0,50,0.2,30000,2,8.792174275028454,8.854375194682321,33.17985790518266,0.9202435419429094
3S_symmetry,0,0.5,0.10013431698535531,0.20099158102858483,0.95,1.0,50,0.2,30000,3,10.068808410574551,10.071191128430687,33.17985790518266,0.9202435419429094
3S_symmetry,0,0.5,0.10013431698535531,0.20099158102858483,0.95,1.0,50,0.2,30000,4,0.40770472366042054,0.4930454201817427,33.17985790518266,0.9202435419429094
3S_symmetry,0,1.0,0.20013431698535533,0.20099158102858483,0.95,1.0,50,0.2,30000,1,13.004566972411665,13.043412759324351,35.40246389599672,0.9242625841870904
3S_symmetry,0,1.0,0.20013431698535533,0.20099158102858483,0.95,1.0,50,0.2,30000,2,15.322101265305406,15.351158504253773,35.40246389599672,0.9242625841870904
3S_symmetry,0,1.0,0.20013431698535533,0.20099158102858483,0.95,1.0,50,0.2,30000,3,6.4508891678922184,6.4607368759811985,35.40246389599672,0.9242625841870904
3S_symmetry,0,1.0,0.20013431698535533,0.20099158102858483,0.95,1.0,50,0.2,30000,4,0.6249064903874153,0.6782655911079581,35.40246389599672,0.9242625841870904
3S_symmetry,0,2.0,0.40013431698535534,0.20099158102858483,0.95,1.0,50,0.2,30000,1,11.330291842358177,11.383898885776702,36.5510930608967,0.928884832886979
3S_symmetry,0,2.0,0.40013431698535534,0.20099158102858483,0.95,1.0,50,0.2,30000,2,19.33202881999766,19.36531105080356,36.5510930608967,0.928884832886979
3S_symmetry,0,2.0,0.40013431698535534,0.20099158102858483,0.95,1.0,50,0.2,30000,3,5.245875580330506,5.2636535772734145,36.5510930608967,0.928884832886979
3S_symmetry,0,2.0,0.40013431698535534,0.20099158102858483,0.95,1.0,50,0.2,30000,4,0.6428968182103335,0.6922217070353122,36.5510930608967,0.928884832886979
3S_symmetry,0,3.0,0.6001343169853555,0.20099158102858483,0.95,1.0,50,0.2,30000,1,10.503041100771103,10.56950957835739,36.212720134434676,0.9324605001602322
3S_symmetry,0,3.0,0.6001343169853555,0.20099158102858483,0.95,1.0,50,0.2,30000,2,18.90703232475437,19.013008150209853,36.212720134434676,0.9324605001602322
3S_symmetry,0,3.0,0.6001343169853555,0.20099158102858483,0.95,1.0,50,0.2,30000,3,6.197557479779625,6.2330248990794255,36.212720134434676,0.9324605001602322
3S_symmetry,0,3.0,0.6001343169853555,0.20099158102858483,0.95,1.0,50,0.2,30000,4,0.6050892291295741,0.657013449368168,36.212720134434676,0.9324605001602322
3S_symmetry,1,0.0,-0.0006411767783430478,0.20060466690889084,0.95,1.0,50,0.2,30000,1,16.724975898999723,16.746277731689585,33.52705425958226,0.9197940421290696
3S_symmetry,1,0.0,-0.0006411767783430478,0.20060466690889084,0.95,1.0,50,0.2,30000,2,0.05169676327892492,0.38528188849978595,33.52705425958226,0.9197940421290696
3S_symmetry,1,0.0,-0.0006411767783430478,0.20060466690889084,0.95,1.0,50,0.2,30000,3,16.70784902833518,16.71714957280601,33.52705425958226,0.9197940421290696
3S_symmetry,1,0.0,-0.0006411767783430478,0.20060466690889084,0.95,1.0,50,0.2,30000,4,0.04253256896844804,0.22857962688360522,33.52705425958226,0.9197940421290696
3S_symmetry,1,0.5,0.09935882322165696,0.20060466690889084,0.95,1.0,50,0.2,30000,1,15.0833212434673,15.121745149962752,37.43634382114739,0.9238808748777956
3S_symmetry,1,0.5,0.09935882322165696,0.20060466690889084,0.95,1.0,50,0.2,30000,2,14.695402244042363,14.732284870169439,37.43634382114739,0.9238808748777956
3S_symmetry,1,0.5,0.09935882322165696,0.20060466690889084,0.95,1.0,50,0.2,30000,3,7.2828065233575625,7.29600745732713,37.43634382114739,0.9238808748777956
3S_symmetry,1,0.5,0.09935882322165696,0.20060466690889084,0.95,1.0,50,0.2,30000,4,0.37481381028016136,0.409388519065933,37.43634382114739,0.9238808748777956
3S_symmetry,1,1.0,0.19935882322165696,0.20060466690889084,0.95,1.0,50,0.2,30000,1,13.438884477253271,13.496082175564354,38.51477075264452,0.9228309169411659
3S_symmetry,1,1.0,0.19935882322165696,0.20060466690889084,0.95,1.0,50,0.2,30000,2,19.78161081402796,19.84028561900558,38.51477075264452,0.9228309169411659
3S_symmetry,1,1.0,0.19935882322165696,0.20060466690889084,0.95,1.0,50,0.2,30000,3,4.920245432525919,4.928960335304295,38.51477075264452,0.9228309169411659
3S_symmetry,1,1.0,0.19935882322165696,0.20060466690889084,0.95,1.0,50,0.2,30000,4,0.3740300288373941,0.4353537904662206,38.51477075264452,0.9228309169411659
3S_symmetry,1,2.0,0.39935882322165694,0.20060466690889084,0.95,1.0,50,0.2,30000,1,11.632815355173049,11.70234657223764,38.05884409219575,0.9231389579363167
3S_symmetry,1,2.0,0.39935882322165694,0.20060466690889084,0.95,1.0,50,0.2,30000,2,20.867210177545992,20.986650122852282,38.05884409219575,0.9231389579363167
3S_symmetry,1,2.0,0.39935882322165694,0.20060466690889084,0.95,1.0,50,0.2,30000,3,5.183077249407966,5.198380467787094,38.05884409219575,0.9231389579363167
3S_symmetry,1,2.0,0.39935882322165694,0.20060466690889084,0.95,1.0,50,0.2,30000,4,0.3757413100687542,0.45168947586075847,38.05884409219575,0.9231389579363167
3S_symmetry,1,3.0,0.5993588232216571,0.20060466690889084,0.95,1.0,50,0.2,30000,1,10.603934593863936,10.678129440307236,37.08245409454147,0.9114750409498811
3S_symmetry,1,3.0,0.5993588232216571,0.20060466690889084,0.95,1.0,50,0.2,30000,2,20.383105889719523,20.537022935772107,37.08245409454147,0.9114750409498811
3S_symmetry,1,3.0,0.5993588232216571,0.20060466690889084,0.95,1.0,50,0.2,30000,3,5.681147558122056,5.76137880271316,37.08245409454147,0.9114750409498811
3S_symmetry,1,3.0,0.5993588232216571,0.20060466690889084,0.95,1.0,50,0.2,30000,4,0.41426605283595663,0.4811233257423295,37.08245409454147,0.9114750409498811
3S_symmetry,2,0.0,-0.0005866831310316851,0.20036185636397266,0.95,1.0,50,0.2,30000,1,14.23633730985867,14.277789368233101,31.657340267203793,0.9212172499392182
3S_symmetry,2,0.0,-0.0005866831310316851,0.20036185636397266,0.95,1.0,50,0.2,30000,2,0.026849959337037932,0.3782813031010196,31.657340267203793,0.9212172499392182
3S_symmetry,2,0.0,-0.0005866831310316851,0.20036185636397266,0.95,1.0,50,0.2,30000,3,17.34632313297587,17.34632313297587,31.657340267203793,0.9212172499392182
3S_symmetry,2,0.0,-0.0005866831310316851,0.20036185636397266,0.95,1.0,50,0.2,30000,4,0.04782986503221753,0.2424127012577535,31.657340267203793,0.9212172499392182
3S_symmetry,2,0.5,0.09941331686896832,0.20036185636397266,0.95,1.0,50,0.2,30000,1,13.629031039678907,13.667540119887631,34.33426999331247,0.9228614999447018
3S_symmetry,2,0.5,0.09941331686896832,0.20036185636397266,0.95,1.0,50,0.2,30000,2,9.402332265095533,9.459172651687052,34.33426999331247,0.9228614999447018
3S_symmetry,2,0.5,0.09941331686896832,0.20036185636397266,0.95,1.0,50,0.2,30000,3,10.944378637081059,10.946974555323091,34.33426999331247,0.9228614999447018
3S_symmetry,2,0.5,0.09941331686896832,0.20036185636397266,0.95,1.0,50,0.2,30000,4,0.35852805145695377,0.4215460932649455,34.33426999331247,0.9228614999447018
3S_symmetry,2,1.0,0.19941331686896835,0.20036185636397263,0.95,1.0,50,0.2,30000,1,12.73293335202793,12.776115263069833,36.293032769001975,0.9193681669421494
3S_symmetry,2,1.0,0.19941331686896835,0.20036185636397263,0.95,1.0,50,0.2,30000,2,16.378872471418628,16.409793714988666,36.293032769001975,0.9193681669421494
3S_symmetry,2,1.0,0.19941331686896835,0.20036185636397263,0.95,1.0,50,0.2,30000,3,6.753173526094727,6.760207589213907,36.293032769001975,0.9193681669421494
3S_symmetry,2,1.0,0.19941331686896835,0.20036185636397263,0.95,1.0,50,0.2,30000,4,0.4280534194606934,0.48321368898238726,36.293032769001975,0.9193681669421494
3S_symmetry,2,2.0,0.39941331686896836,0.20036185636397263,0.95,1.0,50,0.2,30000,1,11.426744264036417,11.479322684534532,37.41919282569861,0.9206435831729323
3S_symmetry,2,2.0,0.39941331686896836,0.20036185636397263,0.95,1.0,50,0.2,30000,2,20.283991983399314,20.337064671377128,37.41919282569861,0.9206435831729323
3S_symmetry,2,2.0,0.39941331686896836,0.20036185636397263,0.95,1.0,50,0.2,30000,3,5.319273017025008,5.346642758610768,37.41919282569861,0.9206435831729323
3S_symmetry,2,2.0,0.39941331686896836,0.20036185636397263,0.95,1.0,50,0.2,30000,4,0.3891835612378687,0.44762321577554787,37.41919282569861,0.9206435831729323
3S_symmetry,2,3.0,0.5994133168689684,0.20036185636397263,0.95,1.0,50,0.2,30000,1,10.449510894990391,10.504902716272968,36.88644634001213,0.9235703749582171
3S_symmetry,2,3.0,0.5994133168689684,0.20036185636397263,0.95,1.0,50,0.2,30000,2,20.17869078593756,20.307952884747984,36.88644634001213,0.9235703749582171
3S_symmetry,2,3.0,0.5994133168689684,0.20036185636397263,0.95,1.0,50,0.2,30000,3,5.8378790039935975,5.8812484641938,36.88644634001213,0.9235703749582171
3S_symmetry,2,3.0,0.5994133168689684,0.20036185636397263,0.95,1.0,50,0.2,30000,4,0.42036565509056667,0.483113577514829,36.88644634001213,0.9235703749582171
