dataset,series,method,replicate,seed_reservoir,seed_task,seed_split,seed_control,normalize,preprocessor_id,selected_alpha,auprc,auprc_random,anomaly_rate,threshold,f1_calibrated,precision_calibrated,recall_calibrated,far_test,n_evaluated,n_train,n_calibration,n_test,t0,split_offset,wall_time_s,f1_test_optimal,pa_f1_k0,pa_f1_random_k0,pa_f1_k20,pa_f1_random_k20
mgab,1,esn_residual,0,0,1,2,5,zscore,b5f519585481,1e-07,0.1596921351009136,0.04512335746031543,0.045157657657657654,0.02713656935194564,0.1713738630923887,0.36907216494845363,0.11159600997506235,0.009022290364429768,35520,14800,8880,35520,200,488,0.038728417130187154,0.17905759162303664,0.912919749573136,0.8745910577971647,0.1713738630923887,0.02393489707994256
mgab,1,delay_line_residual,0,0,1,2,5,zscore,b5f519585481,1e-08,0.045242948231516075,0.04512335746031543,0.045157657657657654,0.06061235823959521,0.021795537104307212,0.06501547987616099,0.013092269326683292,0.008904351928293431,35520,14800,8880,35520,200,488,0.038387208012863994,0.08650164482554064,0.7738822772595689,0.9121410292863236,0.021795537104307212,0.014530358069538143
mgab,1,persistence_residual,0,0,1,2,5,zscore,b5f519585481,nan,0.044736943275764336,0.04512335746031543,0.045157657657657654,0.26470751240265145,0.007345225603357817,0.023178807947019868,0.004364089775561097,0.008697959665054841,35520,14800,8880,35520,200,488,0.03776524984277785,0.08658900027092928,0.5938541281007034,0.9173577352016014,0.007345225603357817,0.013641133263378803
mgab,1,moving_statistics,0,0,1,2,5,zscore,b5f519585481,nan,0.04541487429689545,0.04512335746031543,0.045157657657657654,3.022786740431002,0.018471010774756286,0.05217391304347826,0.011221945137157107,0.009641467154145536,35520,14800,8880,35520,200,488,0.03762729209847748,0.08662310309445374,0.9074964639321075,0.9072398190045249,0.018471010774756286,0.01744484350949205
mgab,1,random_control,0,0,1,2,5,zscore,b5f519585481,nan,0.04512335746031543,0.04512335746031543,0.045157657657657654,0.7396820929552632,0.012705134992059289,0.042105263157894736,0.007481296758104738,0.008049298266304988,35520,14800,8880,35520,200,488,0.03826254094019532,0.08645036110811685,0.9215742602700374,0.9215742602700374,0.012705134992059289,0.012705134992059289
mgab,1,input_norm_control,0,0,1,2,5,zscore,b5f519585481,nan,0.04391387705392271,0.04512335746031543,0.045157657657657654,1.963645778726459,0.010660980810234541,0.03676470588235294,0.006234413965087282,0.007724967566930063,35520,14800,8880,35520,200,488,0.038191250059753656,0.08753971055418285,0.7839687194525903,0.9250288350634371,0.010660980810234541,0.01279317697228145
mgab,1,esn_residual,1,0,1,2,5,zscore,b5f519585481,1e-08,0.14759681914284584,0.045675622709163616,0.045157657657657654,0.02758430747092433,0.15641908509591737,0.3706293706293706,0.09912718204488778,0.007960844439202737,35520,14800,8880,35520,200,201,0.038358042016625404,0.15959079283887467,0.9223691776883267,0.8869228642521426,0.15641908509591737,0.019675356615838663
mgab,1,delay_line_residual,1,0,1,2,5,zscore,b5f519585481,1e-08,0.045113830559078125,0.045675622709163616,0.045157657657657654,0.06045468059123493,0.021593830334190232,0.06158357771260997,0.013092269326683292,0.009435074890906947,35520,14800,8880,35520,200,201,0.038236083928495646,0.0864969801553063,0.7694275663575311,0.9080101896405322,0.021593830334190232,0.016452442159383032
mgab,1,persistence_residual,1,0,1,2,5,zscore,b5f519585481,nan,0.04475894087534496,0.045675622709163616,0.045157657657657654,0.26388069715756046,0.009278350515463916,0.026785714285714284,0.005610972568578554,0.009641467154145536,35520,14800,8880,35520,200,201,0.03819449990987778,0.08659603869184707,0.7677089980855138,0.909297052154195,0.009278350515463916,0.016494845360824743
mgab,1,moving_statistics,1,0,1,2,5,zscore,b5f519585481,nan,0.04543578367881772,0.045675622709163616,0.045157657657657654,3.0176064028855762,0.01836734693877551,0.05056179775280899,0.011221945137157107,0.009965797853520463,35520,14800,8880,35520,200,201,0.03800562513060868,0.08662310309445374,0.9046813310772702,0.9044262757259656,0.01836734693877551,0.017346938775510207
mgab,1,random_control,1,0,1,2,5,zscore,b5f519585481,nan,0.045675622709163616,0.045675622709163616,0.045157657657657654,0.7358979915707096,0.015584415584415584,0.04672897196261682,0.009351620947630923,0.009022290364429768,35520,14800,8880,35520,200,201,0.03778587491251528,0.08813531555883194,0.912919749573136,0.912919749573136,0.015584415584415584,0.015584415584415584
mgab,1,input_norm_control,1,0,1,2,5,zscore,b5f519585481,nan,0.04392201926207598,0.045675622709163616,0.045157657657657654,1.959943198624842,0.011597258829731153,0.03754266211604096,0.00685785536159601,0.008314659747611747,35520,14800,8880,35520,200,201,0.038217500085011125,0.08760155422112328,0.7788928455810941,0.9199885288213364,0.011597258829731153,0.014760147601476014
mgab,1,esn_residual,2,0,1,2,5,zscore,b5f519585481,1e-08,0.1558163616570596,0.042519595116078696,0.045157657657657654,0.02679567876793243,0.1671309192200557,0.32727272727272727,0.11221945137157108,0.010909305342611158,35520,14800,8880,35520,200,389,0.03821679204702377,0.1719316416364578,0.8965902738960313,0.8572955638695884,0.1671309192200557,0.014856081708449397
mgab,1,delay_line_residual,2,0,1,2,5,zscore,b5f519585481,1e-08,0.04517814720886985,0.042519595116078696,0.045157657657657654,0.06057665730722306,0.02169421487603306,0.06325301204819277,0.013092269326683292,0.009169713409600188,35520,14800,8880,35520,200,389,0.03785045794211328,0.08650164482554064,0.7716484926234766,0.9087818696883853,0.02169421487603306,0.010330578512396695
mgab,1,persistence_residual,2,0,1,2,5,zscore,b5f519585481,nan,0.04470968193837372,0.042519595116078696,0.045157657657657654,0.26388069715756046,0.009259259259259259,0.026470588235294117,0.005610972568578554,0.009759405590281873,35520,14800,8880,35520,200,389,0.03784991684369743,0.08658900027092928,0.7667304015296366,0.9067269643866591,0.009259259259259259,0.0102880658436214
mgab,1,moving_statistics,2,0,1,2,5,zscore,b5f519585481,nan,0.04543359184958448,0.042519595116078696,0.045157657657657654,3.022786740431002,0.018471010774756286,0.05217391304347826,0.011221945137157107,0.009641467154145536,35520,14800,8880,35520,200,389,0.03799245902337134,0.08662310309445374,0.9074964639321075,0.9054473609935083,0.018471010774756286,0.01026167265264238
mgab,1,random_control,2,0,1,2,5,zscore,b5f519585481,nan,0.042519595116078696,0.042519595116078696,0.045157657657657654,0.7223811544481578,0.012458073790129373,0.026915113871635612,0.008104738154613466,0.013857766246019579,35520,14800,8880,35520,200,389,0.03755712485872209,0.08652183311716387,0.8722131593257205,0.8722131593257205,0.012458073790129373,0.012458073790129373
mgab,1,input_norm_control,2,0,1,2,5,zscore,b5f519585481,nan,0.04388265885306862,0.042519595116078696,0.045157657657657654,1.959943198624842,0.01157285639137296,0.037037037037037035,0.00685785536159601,0.008432598183748084,35520,14800,8880,35520,200,389,0.03753270790912211,0.08757577541051144,0.7778855480116393,0.9178826895565093,0.01157285639137296,0.010520778537611785
mgab,1,esn_residual,3,0,1,2,5,zscore,b5f519585481,1e-08,0.16391593799510254,0.04289735888893266,0.045157657657657654,0.027110013066661054,0.17906066536203524,0.4159090909090909,0.11408977556109726,0.007577544521759642,35520,14800,8880,35520,200,570,0.03828320908360183,0.184251158003088,0.9258297258297258,0.8852097130242825,0.17906066536203524,0.023483365949119372
mgab,1,delay_line_residual,3,0,1,2,5,zscore,b5f519585481,1e-08,0.0452418773625664,0.04289735888893266,0.045157657657657654,0.06068124912670214,0.021806853582554516,0.06521739130434782,0.013092269326683292,0.008874867319259346,35520,14800,8880,35520,200,570,0.03816791716963053,0.08650164482554064,0.7741312741312741,0.9131796185596356,0.021806853582554516,0.017653167185877464
mgab,1,persistence_residual,3,0,1,2,5,zscore,b5f519585481,nan,0.04474170497079191,0.04289735888893266,0.045157657657657654,0.26470751240265145,0.007345225603357817,0.023178807947019868,0.004364089775561097,0.008697959665054841,35520,14800,8880,35520,200,570,0.03823483409360051,0.08658900027092928,0.5938541281007034,0.9181453921007442,0.007345225603357817,0.016789087093389297
mgab,1,moving_statistics,3,0,1,2,5,zscore,b5f519585481,nan,0.04541953271119682,0.04289735888893266,0.045157657657657654,3.015787861143508,0.01834862385321101,0.05027932960893855,0.011221945137157107,0.010024767071588631,35520,14800,8880,35520,200,570,0.03772970801219344,0.08662310309445374,0.9041713641488162,0.9046813310772702,0.01834862385321101,0.020387359836901122
mgab,1,random_control,3,0,1,2,5,zscore,b5f519585481,nan,0.04289735888893266,0.04289735888893266,0.045157657657657654,0.7378317009613511,0.01694017998941239,0.056140350877192984,0.00997506234413965,0.007931359830168652,35520,14800,8880,35520,200,570,0.03749254206195474,0.08658642376924744,0.9226344549899338,0.9226344549899338,0.01694017998941239,0.01694017998941239
mgab,1,input_norm_control,3,0,1,2,5,zscore,b5f519585481,nan,0.04390945259603111,0.04289735888893266,0.045157657657657654,1.963645778726459,0.010660980810234541,0.03676470588235294,0.006234413965087282,0.007724967566930063,35520,14800,8880,35520,200,570,0.03786891605705023,0.08753971055418285,0.7839687194525903,0.9255626081938835,0.010660980810234541,0.014925373134328358
mgab,1,esn_residual,4,0,1,2,5,zscore,b5f519585481,1e-08,0.17603047967256952,0.04614437027951995,0.045157657657657654,0.027654823300771625,0.192062714355708,0.448512585812357,0.12219451371571072,0.0071057907772142945,35520,14800,8880,35520,200,477,0.03827412496320903,0.2008879023307436,0.9301246738184982,0.8835031671715781,0.192062714355708,0.013718765311121997
mgab,1,delay_line_residual,4,0,1,2,5,zscore,b5f519585481,1e-08,0.045231775208419145,0.04614437027951995,0.045157657657657654,0.06063177053736979,0.021795537104307212,0.06501547987616099,0.013092269326683292,0.008904351928293431,35520,14800,8880,35520,200,477,0.037633624859154224,0.08650164482554064,0.7738822772595689,0.7709067606536365,0.021795537104307212,0.009340944473274519
mgab,1,persistence_residual,4,0,1,2,5,zscore,b5f519585481,nan,0.044736436038591156,0.04614437027951995,0.045157657657657654,0.26470751240265145,0.007345225603357817,0.023178807947019868,0.004364089775561097,0.008697959665054841,35520,14800,8880,35520,200,477,0.03753241687081754,0.08658900027092928,0.5938541281007034,0.7758787487907127,0.007345225603357817,0.008394543546694649
mgab,1,moving_statistics,4,0,1,2,5,zscore,b5f519585481,nan,0.04542371651090574,0.04614437027951995,0.045157657657657654,3.022786740431002,0.018471010774756286,0.05217391304347826,0.011221945137157107,0.009641467154145536,35520,14800,8880,35520,200,477,0.03820862481370568,0.08662310309445374,0.9074964639321075,0.7657542966263527,0.018471010774756286,0.01026167265264238
mgab,1,random_control,4,0,1,2,5,zscore,b5f519585481,nan,0.04614437027951995,0.04614437027951995,0.045157657657657654,0.7312544898046553,0.010266940451745381,0.029069767441860465,0.006234413965087282,0.009847859417384126,35520,14800,8880,35520,200,477,0.037380709080025554,0.08759164630082204,0.7659980897803248,0.7659980897803248,0.010266940451745381,0.010266940451745381
mgab,1,input_norm_control,4,0,1,2,5,zscore,b5f519585481,nan,0.043906242231710815,0.04614437027951995,0.045157657657657654,1.963645778726459,0.010660980810234541,0.03676470588235294,0.006234413965087282,0.007724967566930063,35520,14800,8880,35520,200,477,0.03733133408240974,0.08753971055418285,0.7839687194525903,0.783458156952133,0.010660980810234541,0.008528784648187631
mgab,2,esn_residual,0,0,1,2,5,zscore,897610aa7f60,1e-07,0.12577142475080733,0.048178319840373365,0.04850788288288288,0.02628342815285123,0.12141652613827994,0.2218798151001541,0.08357515960533952,0.014942154629109092,35520,14800,8880,35520,200,166,0.03834458300843835,0.12594659226783578,0.837160751565762,0.6777464788732395,0.12141652613827994,0.021079258010118045
mgab,2,delay_line_residual,0,0,1,2,5,zscore,897610aa7f60,1e-08,0.048366751420397966,0.048178319840373365,0.04850788288288288,0.05954694926715831,0.018901890189018902,0.04208416833667335,0.012188044109112013,0.014143267153889399,35520,14800,8880,35520,200,166,0.038199624978005886,0.09293016714447991,0.8431011826544021,0.7068155111633373,0.018901890189018902,0.018901890189018902
mgab,2,persistence_residual,0,0,1,2,5,zscore,897610aa7f60,nan,0.04895882164407139,0.048178319840373365,0.04850788288288288,0.26416445533783417,0.013552758954501452,0.04081632653061224,0.00812536273940801,0.009734591827677013,35520,14800,8880,35520,200,166,0.03783400007523596,0.09440438085688943,0.7391705069124425,0.7391705069124425,0.013552758954501452,0.013552758954501452
mgab,2,moving_statistics,0,0,1,2,5,zscore,897610aa7f60,nan,0.04715650817148675,0.048178319840373365,0.04850788288288288,2.9840733738355993,0.010541447053186393,0.03021978021978022,0.006384213580963436,0.010444714027872296,35520,14800,8880,35520,200,166,0.038123541977256536,0.0941908950705432,0.8717391304347827,0.7351054078826765,0.010541447053186393,0.01629132726401533
mgab,2,random_control,0,0,1,2,5,zscore,897610aa7f60,nan,0.048178319840373365,0.048178319840373365,0.04850788288288288,0.7312224802808487,0.017061611374407586,0.046511627906976744,0.01044689495066744,0.010918128828002485,35520,14800,8880,35520,200,166,0.03786791698075831,0.092843431475924,0.7301972685887709,0.7301972685887709,0.017061611374407586,0.017061611374407586
mgab,2,input_norm_control,0,0,1,2,5,zscore,897610aa7f60,nan,0.04854071568465909,0.048178319840373365,0.04850788288288288,1.9471966173728106,0.01633045148895293,0.04735376044568245,0.009866511897852582,0.010119241352782792,35520,14800,8880,35520,200,166,0.03755887481383979,0.09483014546842529,0.7362301101591188,0.7360048944631387,0.01633045148895293,0.01536983669548511
mgab,2,esn_residual,1,0,1,2,5,zscore,897610aa7f60,1e-07,0.16088951174164337,0.051534064677256006,0.051661036036036036,0.026061089962162498,0.16268717118575474,0.3160377358490566,0.10953678474114441,0.012913759833753896,35520,14800,8880,35520,200,278,0.03847008291631937,0.16949152542372883,0.8940316686967112,0.8576770273428371,0.16268717118575474,0.021853500607041682
mgab,2,delay_line_residual,1,0,1,2,5,zscore,897610aa7f60,0.01,0.05160310457460308,0.051534064677256006,0.051661036036036036,0.05956292850343914,0.019776440240756664,0.04684317718940937,0.012534059945504087,0.01389342437286626,35520,14800,8880,35520,200,278,0.038228458957746625,0.0989260509358699,0.8869018849685838,0.8860453887011106,0.019776440240756664,0.01633705932932072
mgab,2,persistence_residual,1,0,1,2,5,zscore,897610aa7f60,nan,0.051861609119462575,0.051534064677256006,0.051661036036036036,0.26375577126219696,0.015482695810564663,0.04709141274238227,0.009264305177111716,0.010212260650141013,35520,14800,8880,35520,200,278,0.038104250095784664,0.09914372384133933,0.7938001660669805,0.6418142280211245,0.015482695810564663,0.009107468123861567
mgab,2,moving_statistics,1,0,1,2,5,zscore,897610aa7f60,nan,0.05042728943207189,0.051534064677256006,0.051661036036036036,2.9703877526326323,0.012556053811659192,0.035443037974683546,0.007629427792915531,0.011310672406115482,35520,14800,8880,35520,200,278,0.039407166885212064,0.0995245822301933,0.90594914835843,0.7853231106243155,0.012556053811659192,0.010762331838565021
mgab,2,random_control,1,0,1,2,5,zscore,897610aa7f60,nan,0.051534064677256006,0.051534064677256006,0.051661036036036036,0.7377889346028041,0.007651841224294595,0.03125,0.004359673024523161,0.007362327445450497,35520,14800,8880,35520,200,278,0.038140667136758566,0.09937957632329104,0.6630295250320924,0.6630295250320924,0.007651841224294595,0.007651841224294595
mgab,2,input_norm_control,1,0,1,2,5,zscore,897610aa7f60,nan,0.05145487542923058,0.051534064677256006,0.051661036036036036,1.9426244413784843,0.01703272075302555,0.047979797979797977,0.010354223433242507,0.011191925189253377,35520,14800,8880,35520,200,278,0.037589750019833446,0.09967697277341947,0.7045387994143485,0.78510813030386,0.01703272075302555,0.010757507844016138
mgab,2,esn_residual,2,0,1,2,5,zscore,897610aa7f60,1e-07,0.16630638594752112,0.05304494289449553,0.05644707207207207,0.027086959447920833,0.16366483946750193,0.3806921675774135,0.10423940149625935,0.01014471132328808,35520,14800,8880,35520,200,526,0.038193375105038285,0.17171298216507674,0.9218390804597701,0.7743181269611393,0.16366483946750193,0.011746280344557556
mgab,2,delay_line_residual,2,0,1,2,5,zscore,897610aa7f60,0.001,0.056462930775899395,0.05304494289449553,0.05644707207207207,0.05952466005784629,0.018436873747494986,0.04693877551020408,0.011471321695760598,0.013934059376398628,35520,14800,8880,35520,200,526,0.03833575011231005,0.1070883840411014,0.8956890775072593,0.7847358121330724,0.018436873747494986,0.008817635270541083
mgab,2,persistence_residual,2,0,1,2,5,zscore,897610aa7f60,nan,0.05655270954765454,0.05304494289449553,0.05644707207207207,0.26416445533783417,0.013640238704177321,0.0469208211143695,0.00798004987531172,0.009697150529613606,35520,14800,8880,35520,200,526,0.037755124969407916,0.10727910880512742,0.8154550076258261,0.6790855207451313,0.013640238704177321,0.005115089514066497
mgab,2,moving_statistics,2,0,1,2,5,zscore,897610aa7f60,nan,0.054997430036758,0.05304494289449553,0.05644707207207207,2.9727342530431997,0.012531328320802004,0.038560411311053984,0.007481296758104738,0.011159182455616888,35520,14800,8880,35520,200,526,0.03781570796854794,0.1080575702629193,0.9146897810218978,0.6701949860724233,0.012531328320802004,0.0058479532163742695
mgab,2,random_control,2,0,1,2,5,zscore,897610aa7f60,nan,0.05304494289449553,0.05304494289449553,0.05644707207207207,0.7350126386851343,0.004306632213608957,0.015772870662460567,0.0024937655860349127,0.009309264508429062,35520,14800,8880,35520,200,526,0.03758912510238588,0.10687918121485115,0.6835227272727273,0.6835227272727273,0.004306632213608957,0.004306632213608957
mgab,2,input_norm_control,2,0,1,2,5,zscore,897610aa7f60,nan,0.056138598475553,0.05304494289449553,0.05644707207207207,1.9444967178942534,0.01591289782244556,0.04960835509138381,0.009476309226932668,0.010860808593167239,35520,14800,8880,35520,200,526,0.03733074991032481,0.10813789725062764,0.673572228443449,0.6713169642857142,0.01591289782244556,0.005862646566164155
mgab,2,esn_residual,3,0,1,2,5,zscore,897610aa7f60,1e-07,0.18250019995631023,0.05587586628924773,0.05498310810810811,0.02644669220612883,0.17903596021423107,0.3540090771558245,0.11981566820276497,0.012720827002710995,35520,14800,8880,35520,200,396,0.03809725004248321,0.18475336322869956,0.901453957996769,0.8643505200265545,0.17903596021423107,0.036725325172149964
mgab,2,delay_line_residual,3,0,1,2,5,zscore,897610aa7f60,1e-08,0.05502211359270236,0.05587586628924773,0.05498310810810811,0.05960153595016493,0.018883415435139574,0.047619047619047616,0.011776753712237584,0.013703935412756576,35520,14800,8880,35520,200,396,0.038247874937951565,0.10448523286125071,0.8946404031149795,0.8977246609974718,0.018883415435139574,0.031198686371100164
mgab,2,persistence_residual,3,0,1,2,5,zscore,897610aa7f60,nan,0.05541705461611378,0.05587586628924773,0.05498310810810811,0.26416445533783417,0.013083296990841693,0.04411764705882353,0.007680491551459293,0.009682128280751929,35520,14800,8880,35520,200,396,0.037974584149196744,0.10518269377770983,0.810443864229765,0.8121402407116693,0.013083296990841693,0.02006105538595726
mgab,2,moving_statistics,3,0,1,2,5,zscore,897610aa7f60,nan,0.05398237808022648,0.05587586628924773,0.05498310810810811,2.9727342530431997,0.012815036309269544,0.03865979381443299,0.007680491551459293,0.011112104149909137,35520,14800,8880,35520,200,396,0.03787720785476267,0.10570512638656417,0.9128301004907688,0.916256157635468,0.012815036309269544,0.026484408372490387
mgab,2,random_control,3,0,1,2,5,zscore,897610aa7f60,nan,0.05587586628924773,0.05587586628924773,0.05498310810810811,0.7314911021546777,0.02017543859649123,0.07033639143730887,0.011776753712237584,0.00905651383799565,35520,14800,8880,35520,200,396,0.03733583306893706,0.10464442900162149,0.8149120504069309,0.8149120504069309,0.02017543859649123,0.02017543859649123
mgab,2,input_norm_control,3,0,1,2,5,zscore,897610aa7f60,nan,0.05484323158351896,0.05587586628924773,0.05498310810810811,1.9444967178942534,0.016267123287671232,0.04960835509138381,0.00972862263184844,0.01084398367444216,35520,14800,8880,35520,200,396,0.037516999989748,0.10602439173867746,0.6835227272727273,0.9171166940596384,0.016267123287671232,0.025684931506849317
mgab,2,esn_residual,4,0,1,2,5,zscore,897610aa7f60,1e-07,0.16550522643459017,0.06335935312292879,0.05644707207207207,0.026726723016103904,0.16354604508979748,0.34967320261437906,0.10673316708229426,0.011875279725496046,35520,14800,8880,35520,200,497,0.03793400013819337,0.16748768472906403,0.9097096188747731,0.87478184991274,0.16354604508979748,0.029040886511272446
mgab,2,delay_line_residual,4,0,1,2,5,zscore,897610aa7f60,1e-08,0.05646837342750603,0.06335935312292879,0.05644707207207207,0.059533579275509396,0.018466479325572056,0.047325102880658436,0.011471321695760598,0.013814709831418769,35520,14800,8880,35520,200,497,0.038387499982491136,0.10709891403199057,0.896490051419629,0.898700134468848,0.018466479325572056,0.027298273785628258
mgab,2,persistence_residual,4,0,1,2,5,zscore,897610aa7f60,nan,0.05655773545012181,0.06335935312292879,0.05644707207207207,0.26416445533783417,0.013640238704177321,0.0469208211143695,0.00798004987531172,0.009697150529613606,35520,14800,8880,35520,200,497,0.0378581250552088,0.10727910880512742,0.8154550076258261,0.9271676300578034,0.013640238704177321,0.02216538789428815
mgab,2,moving_statistics,4,0,1,2,5,zscore,897610aa7f60,nan,0.05497690184611702,0.06335935312292879,0.05644707207207207,2.9703877526326323,0.012489592006661115,0.037783375314861464,0.007481296758104738,0.011397881545576607,35520,14800,8880,35520,200,497,0.03788579092361033,0.1080575702629193,0.913023679417122,0.9159433531292828,0.012489592006661115,0.024146544546211495
mgab,2,random_control,4,0,1,2,5,zscore,897610aa7f60,nan,0.06335935312292879,0.06335935312292879,0.05644707207207207,0.7421314334646922,0.01840490797546012,0.07581227436823104,0.010473815461346634,0.007638370878711025,35520,14800,8880,35520,200,497,0.03770329197868705,0.11243499979527494,0.830012936610608,0.830012936610608,0.01840490797546012,0.01840490797546012
mgab,2,input_norm_control,4,0,1,2,5,zscore,897610aa7f60,nan,0.056128159102318394,0.06335935312292879,0.05644707207207207,1.9444967178942534,0.01591289782244556,0.04960835509138381,0.009476309226932668,0.010860808593167239,35520,14800,8880,35520,200,497,0.03806483396328986,0.10811141720232628,0.673572228443449,0.9186712485681557,0.01591289782244556,0.02345058626465662
mgab,3,esn_residual,0,0,1,2,5,zscore,851eaf047c70,1e-08,0.16312337484501185,0.06738177590333691,0.06773648648648649,0.027463069751853197,0.14331097776208965,0.47540983606557374,0.08437240232751454,0.0067645104789515005,35520,14800,8880,35520,200,327,0.03832383290864527,0.15836371000405022,0.9555202541699761,0.7269431225923407,0.14331097776208965,0.01694316978468055
mgab,3,delay_line_residual,0,0,1,2,5,zscore,851eaf047c70,0.01,0.07208736189402806,0.06738177590333691,0.06773648648648649,0.0615315825423437,0.014476190476190476,0.0867579908675799,0.007896924355777223,0.00603974149906384,35520,14800,8880,35520,200,327,0.03786420915275812,0.1287713594734964,0.8696595098677077,0.7605500237079184,0.014476190476190476,0.008380952380952381
mgab,3,persistence_residual,0,0,1,2,5,zscore,851eaf047c70,nan,0.06923099690024827,0.06738177590333691,0.06773648648648649,0.26379736012967214,0.021022109459949256,0.0821529745042493,0.012053200332502078,0.009784381228483421,35520,14800,8880,35520,200,327,0.0381329171359539,0.12761426309179272,0.9369158878504673,0.7390002303616677,0.021022109459949256,0.01594780717651323
mgab,3,moving_statistics,0,0,1,2,5,zscore,851eaf047c70,nan,0.0704198873543723,0.06738177590333691,0.06773648648648649,3.012517081122496,0.02125320630267497,0.08978328173374613,0.012053200332502078,0.008878420003623846,35520,14800,8880,35520,200,327,0.0380390000063926,0.12688534964666176,0.8522848034006375,0.7437978205425456,0.02125320630267497,0.014657383657017225
mgab,3,random_control,0,0,1,2,5,zscore,851eaf047c70,nan,0.06738177590333691,0.06738177590333691,0.06773648648648649,0.7372847372837441,0.013323464100666172,0.060810810810810814,0.007481296758104738,0.008395240683698738,35520,14800,8880,35520,200,327,0.037987749790772796,0.1289078048929851,0.7481343283582089,0.7481343283582089,0.013323464100666172,0.013323464100666172
mgab,3,input_norm_control,0,0,1,2,5,zscore,851eaf047c70,nan,0.07003093637261087,0.06738177590333691,0.06773648648648649,1.9482052613734595,0.020180180180180182,0.07588075880758807,0.011637572734829594,0.010297759255903847,35520,14800,8880,35520,200,327,0.03766675014048815,0.1269673603042146,0.9338249563361148,0.7364554637281909,0.020180180180180182,0.016576576576576577
mgab,3,esn_residual,1,0,1,2,5,zscore,851eaf047c70,1e-08,0.1594718902530581,0.06942065107963544,0.06773648648648649,0.026829891884204926,0.13828337874659402,0.38301886792452833,0.08437240232751454,0.009874977350969379,35520,14800,8880,35520,200,564,0.03821179107762873,0.15845506313443922,0.9363689433741972,0.9062146892655367,0.13828337874659402,0.021798365122615806
mgab,3,delay_line_residual,1,0,1,2,5,zscore,851eaf047c70,1e-08,0.07206373331682232,0.06942065107963544,0.06773648648648649,0.06148810839778207,0.015232292460015232,0.09090909090909091,0.00831255195344971,0.00603974149906384,35520,14800,8880,35520,200,564,0.03802912496030331,0.12872031101963474,0.8696595098677077,0.868153279930721,0.015232292460015232,0.00913937547600914
mgab,3,persistence_residual,1,0,1,2,5,zscore,851eaf047c70,nan,0.06920693638515821,0.06942065107963544,0.06773648648648649,0.26399019990532224,0.021098581302291742,0.08454810495626822,0.012053200332502078,0.009482394153530228,35520,14800,8880,35520,200,564,0.037756500067189336,0.12761774744027302,0.9387436597737027,0.9376461418550274,0.021098581302291742,0.01673335758457621
mgab,3,moving_statistics,1,0,1,2,5,zscore,851eaf047c70,nan,0.07039898569572123,0.06942065107963544,0.06773648648648649,3.012517081122496,0.021245421245421246,0.08950617283950617,0.012053200332502078,0.008908618711119164,35520,14800,8880,35520,200,564,0.037575499853119254,0.12688534964666176,0.8521036974075649,0.941130451789556,0.021245421245421246,0.01684981684981685
mgab,3,random_control,1,0,1,2,5,zscore,851eaf047c70,nan,0.06942065107963544,0.06942065107963544,0.06773648648648649,0.7311305123128022,0.016843647015745148,0.07076923076923076,0.009559434746467166,0.009120009663586398,35520,14800,8880,35520,200,564,0.03768224990926683,0.12780666010959674,0.9409464215877983,0.9409464215877983,0.016843647015745148,0.016843647015745148
mgab,3,input_norm_control,1,0,1,2,5,zscore,851eaf047c70,nan,0.07005009549774727,0.06942065107963544,0.06773648648648649,1.9492575389358535,0.020209310718152292,0.07671232876712329,0.011637572734829594,0.01017696442592257,35520,14800,8880,35520,200,564,0.03779129218310118,0.12697071328597456,0.9345503981355603,0.9336437718277066,0.020209310718152292,0.016600505232767956
mgab,3,esn_residual,2,0,1,2,5,zscore,851eaf047c70,1e-07,0.16299986953074447,0.06942910746363466,0.06773648648648649,0.027301262103399893,0.14015802129852287,0.403960396039604,0.08478802992518704,0.00908981095609108,35520,14800,8880,35520,200,112,0.03821574989706278,0.15836230204712246,0.941130451789556,0.9110185535781901,0.14015802129852287,0.024046719340432843
mgab,3,delay_line_residual,2,0,1,2,5,zscore,851eaf047c70,1e-08,0.07224977162112478,0.06942910746363466,0.06773648648648649,0.061764093120174834,0.01379839018781142,0.08866995073891626,0.007481296758104738,0.005586760886634052,35520,14800,8880,35520,200,112,0.03823258285410702,0.1290656887755102,0.872497824194952,0.7632643349988104,0.01379839018781142,0.007665772326561902
mgab,3,persistence_residual,2,0,1,2,5,zscore,851eaf047c70,nan,0.06927888437955543,0.06942910746363466,0.06773648648648649,0.2640759493477276,0.020408163265306124,0.08284023668639054,0.011637572734829594,0.009361599323548951,35520,14800,8880,35520,200,112,0.03841816680505872,0.12761774744027302,0.9394767668879344,0.8477801268498942,0.020408163265306124,0.013848396501457725
mgab,3,moving_statistics,2,0,1,2,5,zscore,851eaf047c70,nan,0.07045872066067885,0.06942910746363466,0.06773648648648649,3.012517081122496,0.021237641889417794,0.08923076923076922,0.012053200332502078,0.008938817418614483,35520,14800,8880,35520,200,112,0.03796591702848673,0.12688534964666176,0.8519226683662631,0.8501165995336019,0.021237641889417794,0.013914317099963384
mgab,3,random_control,2,0,1,2,5,zscore,851eaf047c70,nan,0.06942910746363466,0.06942910746363466,0.06773648648648649,0.732471270910537,0.011057869517139697,0.048859934853420196,0.006234413965087282,0.008818022588633206,35520,14800,8880,35520,200,112,0.037615332985296845,0.12930747183896554,0.8526472464384435,0.8526472464384435,0.011057869517139697,0.011057869517139697
mgab,3,input_norm_control,2,0,1,2,5,zscore,851eaf047c70,nan,0.07009962039837675,0.06942910746363466,0.06773648648648649,1.9511461342644907,0.020311933260790716,0.07977207977207977,0.011637572734829594,0.009754182520988102,35520,14800,8880,35520,200,112,0.037836250150576234,0.12697071328597456,0.9370983446932813,0.845634753268663,0.020311933260790716,0.014508523757707654
mgab,3,esn_residual,3,0,1,2,5,zscore,851eaf047c70,1e-07,0.16451578394942157,0.07256820238087272,0.06773648648648649,0.027238295885119612,0.13887933997937435,0.40159045725646125,0.08395677472984206,0.00908981095609108,35520,14800,8880,35520,200,395,0.038368041859939694,0.15711995335956858,0.941130451789556,0.91500285225328,0.13887933997937435,0.03850120316259883
mgab,3,delay_line_residual,3,0,1,2,5,zscore,851eaf047c70,1e-08,0.0720677961528606,0.07256820238087272,0.06773648648648649,0.06149813394517878,0.015232292460015232,0.09090909090909091,0.00831255195344971,0.00603974149906384,35520,14800,8880,35520,200,395,0.0384250411298126,0.12890828295768444,0.8696595098677077,0.9622075584883023,0.015232292460015232,0.02361005331302361
mgab,3,persistence_residual,3,0,1,2,5,zscore,851eaf047c70,nan,0.06918884544423737,0.07256820238087272,0.06773648648648649,0.26379736012967214,0.021022109459949256,0.0821529745042493,0.012053200332502078,0.009784381228483421,35520,14800,8880,35520,200,395,0.037687999894842505,0.12762471670807962,0.9369158878504673,0.9402110199296599,0.021022109459949256,0.0340703153316419
mgab,3,moving_statistics,3,0,1,2,5,zscore,851eaf047c70,nan,0.07038076637163469,0.07256820238087272,0.06773648648648649,3.012517081122496,0.02125320630267497,0.08978328173374613,0.012053200332502078,0.008878420003623846,35520,14800,8880,35520,200,395,0.03764712507836521,0.12688534964666176,0.8522848034006375,0.9450117831893166,0.02125320630267497,0.031513374862587026
mgab,3,random_control,3,0,1,2,5,zscore,851eaf047c70,nan,0.07256820238087272,0.07256820238087272,0.06773648648648649,0.7424868242831053,0.02705749718151071,0.1411764705882353,0.014962593516209476,0.006613516941474905,35520,14800,8880,35520,200,395,0.03756941691972315,0.1286054867197206,0.9564698867024448,0.9564698867024448,0.02705749718151071,0.02705749718151071
mgab,3,input_norm_control,3,0,1,2,5,zscore,851eaf047c70,nan,0.0699967516091988,0.07256820238087272,0.06773648648648649,1.9482052613734595,0.020180180180180182,0.07588075880758807,0.011637572734829594,0.010297759255903847,35520,14800,8880,35520,200,395,0.037315916968509555,0.1269673603042146,0.9338249563361148,0.9374634716540035,0.020180180180180182,0.034594594594594595
mgab,3,esn_residual,4,0,1,2,5,zscore,851eaf047c70,1e-07,0.14852070222516275,0.07660731915640456,0.06773648648648649,0.027303806897670313,0.12816901408450707,0.41935483870967744,0.07564422277639235,0.007610074288820439,35520,14800,8880,35520,200,260,0.038073624949902296,0.14334140435835352,0.9502369668246444,0.9278827612803703,0.12816901408450707,0.04225352112676056
mgab,3,delay_line_residual,4,0,1,2,5,zscore,851eaf047c70,1e-08,0.07210541421255884,0.07660731915640456,0.06773648648648649,0.06159818045682641,0.014503816793893128,0.08878504672897196,0.007896924355777223,0.0058887479615872445,35520,14800,8880,35520,200,260,0.037939917063340545,0.12879746835443034,0.8706035605731656,0.9649087627832365,0.014503816793893128,0.029770992366412213
mgab,3,persistence_residual,4,0,1,2,5,zscore,851eaf047c70,nan,0.06922905777417523,0.07660731915640456,0.06773648648648649,0.2642400837090122,0.020437956204379562,0.08383233532934131,0.011637572734829594,0.009240804493567675,35520,14800,8880,35520,200,260,0.037882749922573566,0.12761774744027302,0.9402110199296599,0.944270015698587,0.020437956204379562,0.0364963503649635
mgab,3,moving_statistics,4,0,1,2,5,zscore,851eaf047c70,nan,0.07040159562388143,0.07660731915640456,0.06773648648648649,3.0092144668715264,0.021191085129704055,0.08761329305135952,0.012053200332502078,0.009120009663586398,35520,14800,8880,35520,200,260,0.03855583304539323,0.12688534964666176,0.850838107362614,0.944640753828033,0.021191085129704055,0.03580562659846547
mgab,3,random_control,4,0,1,2,5,zscore,851eaf047c70,nan,0.07660731915640456,0.07660731915640456,0.06773648648648649,0.7312489905980328,0.042643923240938165,0.14705882352941177,0.02493765586034913,0.010509150208371081,35520,14800,8880,35520,200,260,0.03798604104667902,0.12797628238782002,0.9325581395348838,0.9325581395348838,0.042643923240938165,0.042643923240938165
mgab,3,input_norm_control,4,0,1,2,5,zscore,851eaf047c70,nan,0.07002900244503041,0.07660731915640456,0.06773648648648649,1.9497595051800545,0.020216606498194945,0.07692307692307693,0.011637572734829594,0.010146765718427252,35520,14800,8880,35520,200,260,0.037777707912027836,0.1269673603042146,0.9347319347319346,0.9389268292682926,0.020216606498194945,0.03682310469314079
