experiment,rho,leak_rate,state_noise,replicate,n_units,alpha,val_nrmse,regime,amplitude_ratio,std_ratio,autocorr_peak,diverged,n_completed,stats_steps,valid_time_threshold,valid_time_steps,valid_time_lyapunov,valid_time_censored,wall_time_s
4C_stability,0.7,0.1,0.0,0,200,1e-08,1.1479258903303574e-05,diverged,6.427983424994002e+307,nan,nan,True,6458,20000,0.4,336,3.077967296395698,False,0.21659362502396107
4C_stability,0.7,0.1,0.0,1,200,1e-08,9.757825116525497e-05,diverged,6.334812493821897e+307,nan,nan,True,8161,20000,0.4,95,0.8702586105880695,False,0.25464670796645805
4C_stability,0.7,0.1,0.0,2,200,1e-08,0.0002771428683697629,diverged,6.292781569502487e+307,nan,nan,True,5218,20000,0.4,467,4.278008117311878,False,0.18805458402493969
4C_stability,0.7,0.1,0.0,3,200,1e-07,4.054024770718755e-05,attractor,2.4514837062258383,1.696885470184337,0.31584249866402525,False,20000,20000,0.4,144,1.319128841312442,False,0.5283135000499897
4C_stability,0.7,0.1,0.0,4,200,1e-07,1.7477376061846986e-05,diverged,5.100365793858047e+307,nan,nan,True,3632,20000,0.4,88,0.806134291913159,False,0.15237091603921726
4C_stability,0.7,0.1,0.0001,0,200,1e-06,4.840053759786915e-05,diverged,6.438265304336103e+307,nan,nan,True,10754,20000,0.4,344,3.151252232024167,False,0.34270245902007446
4C_stability,0.7,0.1,0.0001,1,200,1e-08,0.000143711971014848,attractor,1.5032010743600053,1.2859055626045064,0.3948167705779927,False,20000,20000,0.4,213,1.951211411107987,False,0.5733641249826178
4C_stability,0.7,0.1,0.0001,2,200,1e-08,0.00029388786992406914,attractor,1.516599347995477,1.2078890202492942,0.20395773613507354,False,20000,20000,0.4,240,2.19854806885407,False,0.5697157910326496
4C_stability,0.7,0.1,0.0001,3,200,1e-07,6.892331448406978e-05,attractor,1.499673354997332,1.385555313287924,0.1499228616794448,False,20000,20000,0.4,214,1.960372028061546,False,0.5699152920278721
4C_stability,0.7,0.1,0.0001,4,200,1e-06,5.470964125692503e-05,diverged,5.091068231922127e+307,nan,nan,True,4043,20000,0.4,86,0.7878130580060417,False,0.18118774995673448
4C_stability,0.7,0.1,0.001,0,200,0.0001,0.00029318556014276025,attractor,1.0984451601581018,1.0046812697579413,0.16430268386188704,False,20000,20000,0.4,208,1.9054083263401942,False,0.5683742089895532
4C_stability,0.7,0.1,0.001,1,200,1e-05,0.0004903192856034108,attractor,1.3215944340883616,1.1297045057288346,0.6446336460616253,False,20000,20000,0.4,165,1.5115017973371734,False,0.5708315410302021
4C_stability,0.7,0.1,0.001,2,200,1e-08,0.0006879946639717203,attractor,1.4582352391217395,1.158069639642479,0.14768591212051918,False,20000,20000,0.4,149,1.3649319260802353,False,0.5689922499586828
4C_stability,0.7,0.1,0.001,3,200,0.0001,0.0003271283709831788,attractor,1.077415551575256,1.1194769236291924,0.35850270219901514,False,20000,20000,0.4,208,1.9054083263401942,False,0.5682903329725377
4C_stability,0.7,0.1,0.001,4,200,0.0001,0.00030271560680010545,diverged,6.084902760661844e+307,nan,nan,True,4462,20000,0.4,76,0.6962068884704555,False,0.19126904202857986
4C_stability,0.7,0.1,0.01,0,200,0.01,0.0017640622220802637,attractor,2.325256496941637,0.9620823153243144,0.26952281517153004,False,20000,20000,0.4,57,0.5221551663528418,False,0.5671419579884969
4C_stability,0.7,0.1,0.01,1,200,0.001,0.002694033853486219,diverged,6.151791156046685e+307,nan,nan,True,10296,20000,0.4,106,0.9710253970772144,False,0.3324057499994524
4C_stability,0.7,0.1,0.01,2,200,0.001,0.0023651558935593006,attractor,0.9828567469330113,0.9445731611844235,0.24815884160188567,False,20000,20000,0.4,152,1.392413776940911,False,0.5703552920022048
4C_stability,0.7,0.1,0.01,3,200,0.01,0.002108805492445417,attractor,0.9697845720224613,1.013348566783644,0.20040070439914417,False,20000,20000,0.4,100,0.9160616953558626,False,0.5705479999887757
4C_stability,0.7,0.1,0.01,4,200,0.001,0.0015869166793981723,diverged,5.339422909378337e+307,nan,nan,True,5141,20000,0.4,75,0.6870462715168969,False,0.20878920902032405
4C_stability,0.7,0.3,0.0,0,200,1e-08,2.616009921586579e-06,attractor,1.1692804149166631,0.9960568762298936,0.19923639097566473,False,20000,20000,0.4,664,6.082649657162928,False,0.5284071660134941
4C_stability,0.7,0.3,0.0,1,200,1e-08,5.387954444128586e-05,attractor,1.0082397089755286,1.0029191918489868,0.19109928476527702,False,20000,20000,0.4,853,7.814006261385507,False,0.5283021249924786
4C_stability,0.7,0.3,0.0,2,200,1e-08,5.302685694945565e-05,attractor,1.0035381376253747,1.0021452146360923,0.16247463210744567,False,20000,20000,0.4,480,4.39709613770814,False,0.5254381250124425
4C_stability,0.7,0.3,0.0,3,200,1e-08,6.169716923873444e-06,attractor,1.0452377650491567,1.0051078378244986,0.1489620487416834,False,20000,20000,0.4,648,5.9360797859059895,False,0.5264172500465065
4C_stability,0.7,0.3,0.0,4,200,1e-08,2.804748027075658e-06,attractor,1.0080495183790785,1.0050185326931227,0.20357483617223926,False,20000,20000,0.4,662,6.064328423255811,False,0.537362959003076
4C_stability,0.7,0.3,0.0001,0,200,1e-06,4.2298613075341525e-05,attractor,1.0961848450432483,0.9943281484106615,0.21388774293946544,False,20000,20000,0.4,367,3.3619464219560156,False,0.5708983339718543
4C_stability,0.7,0.3,0.0001,1,200,1e-06,8.95876236968857e-05,attractor,1.004906665779256,1.0027811717632913,0.17090964678746712,False,20000,20000,0.4,610,5.587976341670762,False,0.5711173749878071
4C_stability,0.7,0.3,0.0001,2,200,1e-08,0.00014044958062739651,attractor,1.0118226829298427,1.001478960343319,0.16113507799547344,False,20000,20000,0.4,854,7.823166878339067,False,0.5715455409954302
4C_stability,0.7,0.3,0.0001,3,200,1e-07,5.3366045491879154e-05,attractor,1.0286897612302957,1.0084652338214377,0.18609582719589035,False,20000,20000,0.4,799,7.319332945893342,False,0.57063020800706
4C_stability,0.7,0.3,0.0001,4,200,1e-07,3.935744744633292e-05,attractor,1.032117745333324,1.0024495273242846,0.18992918205221684,False,20000,20000,0.4,494,4.525344775057961,False,0.5687516669859178
4C_stability,0.7,0.3,0.001,0,200,1e-05,0.00026383026771578194,attractor,1.1002469054793964,0.9849942543064785,0.1651958750995104,False,20000,20000,0.4,359,3.2886614863275465,False,0.567453249997925
4C_stability,0.7,0.3,0.001,1,200,1e-08,0.0004049422336026153,attractor,0.9864537380582145,0.9976362035558722,0.17121105992215296,False,20000,20000,0.4,377,3.4535525914916017,False,0.5716389999724925
4C_stability,0.7,0.3,0.001,2,200,1e-08,0.00045562224933406564,attractor,1.0016264909780435,0.7665498386967933,0.017437257084444185,False,20000,20000,0.4,321,2.9405580420923187,False,0.5716040409752168
4C_stability,0.7,0.3,0.001,3,200,1e-06,0.00034733945871111093,attractor,0.9958021925893206,1.0104858208564245,0.17818418213933182,False,20000,20000,0.4,424,3.8841015883088574,False,0.5712220419663936
4C_stability,0.7,0.3,0.001,4,200,1e-05,0.00028293304949834376,attractor,1.0045358800359767,0.9960960184945384,0.1661898485975081,False,20000,20000,0.4,79,0.7236887393311314,False,0.5719830000307411
4C_stability,0.7,0.3,0.01,0,200,0.001,0.0018274892424323705,attractor,1.050592353123311,0.9319073728347751,0.25573768295990434,False,20000,20000,0.4,50,0.4580308476779313,False,0.5715800410252996
4C_stability,0.7,0.3,0.01,1,200,0.0001,0.0025101879772486202,attractor,1.022421111654678,1.010837106165502,0.12737916323553927,False,20000,20000,0.4,99,0.9069010784023039,False,0.5708968749968335
4C_stability,0.7,0.3,0.01,2,200,1e-08,0.0024256164067371607,attractor,1.0236335841578077,1.0100550448432672,0.18827284632587632,False,20000,20000,0.4,166,1.520662414290732,False,0.580266916018445
4C_stability,0.7,0.3,0.01,3,200,1e-08,0.0020344956504951867,attractor,0.9849353268203564,1.0196974727628147,0.18570576190513197,False,20000,20000,0.4,364,3.33446457109534,False,0.5801974999485537
4C_stability,0.7,0.3,0.01,4,200,1e-08,0.0018868097221640121,attractor,1.137506053836421,0.9812517154856482,0.19482737797910937,False,20000,20000,0.4,64,0.5862794850277521,False,0.5706210419884883
4C_stability,0.7,0.6,0.0,0,200,1e-08,2.780731613872489e-06,attractor,1.103034709033042,0.995876170497932,0.14011535076521228,False,20000,20000,0.4,1039,9.517881014747413,False,0.5284681250341237
4C_stability,0.7,0.6,0.0,1,200,1e-08,1.7302092143383765e-05,attractor,0.9585876450086975,1.0082014310918006,0.2087183621169938,False,20000,20000,0.4,854,7.823166878339067,False,0.5296759170014411
4C_stability,0.7,0.6,0.0,2,200,1e-08,4.517378741972261e-05,attractor,1.0698832796640738,1.0011506448592558,0.23238027188964075,False,20000,20000,0.4,489,4.4795416902901675,False,0.5261909590335563
4C_stability,0.7,0.6,0.0,3,200,1e-08,6.083778903481322e-06,attractor,1.0199572726860358,1.0110275388063383,0.12704531448493925,False,20000,20000,0.4,881,8.07050353608515,False,0.527805250021629
4C_stability,0.7,0.6,0.0,4,200,1e-08,3.119009801640818e-06,attractor,1.0654595592446834,1.0017762158308772,0.25344814086075257,False,20000,20000,0.4,806,7.383457264568253,False,0.5276902500190772
4C_stability,0.7,0.6,0.0001,0,200,1e-06,6.827436935935387e-05,attractor,1.1497823389791644,0.9906017315131103,0.23887158845420603,False,20000,20000,0.4,357,3.2703402524204295,False,0.5689358329982497
4C_stability,0.7,0.6,0.0001,1,200,1e-08,0.00011447589204660927,attractor,1.0058962346387978,0.9998948790558658,0.19383542550506527,False,20000,20000,0.4,546,5.00169685664301,False,0.5706688749487512
4C_stability,0.7,0.6,0.0001,2,200,1e-08,0.00017034688495721904,attractor,1.0146624401647524,1.0040002054834467,0.19657516856391055,False,20000,20000,0.4,476,4.360453669893905,False,0.5716712920111604
4C_stability,0.7,0.6,0.0001,3,200,1e-07,8.441937602276403e-05,attractor,1.04364258803466,1.0098584585032941,0.1943621215089676,False,20000,20000,0.4,570,5.221551663528417,False,0.5746686669881456
4C_stability,0.7,0.6,0.0001,4,200,1e-07,6.40892351065752e-05,attractor,1.1346692349678933,0.993135948933536,0.12205716004220322,False,20000,20000,0.4,874,8.006379217410238,False,0.5738322499673814
4C_stability,0.7,0.6,0.001,0,200,1e-05,0.00045118737935966307,attractor,1.0408081111046472,0.9997385321075658,0.1557096034706862,False,20000,20000,0.4,205,1.877926475479518,False,0.5717814170056954
4C_stability,0.7,0.6,0.001,1,200,1e-08,0.0006514783575763789,attractor,1.0042466160139127,1.0022540485637639,0.2247637259608621,False,20000,20000,0.4,302,2.766506319974705,False,0.5731799579807557
4C_stability,0.7,0.6,0.001,2,200,1e-08,0.0007043041963233506,attractor,1.006538286091488,0.9958964972798492,0.21099110782030311,False,20000,20000,0.4,468,4.287168734265436,False,0.5723547079833224
4C_stability,0.7,0.6,0.001,3,200,1e-08,0.0005561071010427569,attractor,1.0046461246154585,1.0060352662129135,0.24193042352718078,False,20000,20000,0.4,490,4.488702307243726,False,0.5696285419980995
4C_stability,0.7,0.6,0.001,4,200,1e-05,0.00047902047584478554,attractor,1.0555593203743747,0.9776407260986404,0.16572549643775308,False,20000,20000,0.4,487,4.46122045638305,False,0.5730067910044454
4C_stability,0.7,0.6,0.01,0,200,0.001,0.0031870770103245988,attractor,0.9983036091542867,1.0025448689808525,0.15237152620814573,False,20000,20000,0.4,117,1.071792183566359,False,0.5700949170277454
4C_stability,0.7,0.6,0.01,1,200,0.001,0.0042019371000496224,attractor,0.9681368584329444,1.0008813573781747,0.20388403515856718,False,20000,20000,0.4,168,1.538983648197849,False,0.5709145840373822
4C_stability,0.7,0.6,0.01,2,200,0.001,0.003830402693499413,attractor,0.9680485492907218,1.0084523011899367,0.17792252273066395,False,20000,20000,0.4,243,2.226029919714746,False,0.5695237499894574
4C_stability,0.7,0.6,0.01,3,200,0.0001,0.003578306444516545,attractor,1.0838290663930041,1.0106431232755309,0.19459529387440963,False,20000,20000,0.4,22,0.20153357297828975,False,0.5852996250032447
4C_stability,0.7,0.6,0.01,4,200,0.0001,0.003502196189776199,attractor,1.238659959878097,1.018152269763736,0.1873278274345384,False,20000,20000,0.4,77,0.7053675054240142,False,0.5726991249830462
4C_stability,0.7,1.0,0.0,0,200,1e-08,3.5110112004350254e-06,attractor,1.0754095034199185,0.9985437010095339,0.1501639039031683,False,20000,20000,0.4,670,6.13761335888428,False,0.5290384169784375
4C_stability,0.7,1.0,0.0,1,200,1e-08,1.4197173971304434e-05,attractor,1.0132002397922208,1.00031459248649,0.170752996683434,False,20000,20000,0.4,865,7.923933664828211,False,0.5274405420059338
4C_stability,0.7,1.0,0.0,2,200,1e-08,6.136427386683748e-05,attractor,1.0270020216390638,1.0024721988748557,0.17742407869692856,False,20000,20000,0.4,473,4.33297181903323,False,0.5283704579924233
4C_stability,0.7,1.0,0.0,3,200,1e-08,7.525106965786633e-06,attractor,1.0388927218246042,1.0128553415855381,0.18156317273536074,False,20000,20000,0.4,803,7.355975413707576,False,0.5275255829910748
4C_stability,0.7,1.0,0.0,4,200,1e-08,3.3521185450459374e-06,attractor,1.0571463002381207,0.9978251768165153,0.28224767299876746,False,20000,20000,0.4,806,7.383457264568253,False,0.5283801670302637
4C_stability,0.7,1.0,0.0001,0,200,1e-06,0.00013056319889775627,attractor,1.088072520461823,0.9976788127367434,0.23458824589449337,False,20000,20000,0.4,356,3.2611796354668705,False,0.5770497500197962
4C_stability,0.7,1.0,0.0001,1,200,1e-08,0.0001977422416694186,attractor,1.0358876528218586,1.0051336883951614,0.1574788328623386,False,20000,20000,0.4,395,3.6184436966556572,False,0.5727665000013076
4C_stability,0.7,1.0,0.0001,2,200,1e-08,0.0003145434393766039,attractor,1.0386746229047783,1.0015391154529067,0.1407355091038408,False,20000,20000,0.4,467,4.278008117311878,False,0.571979625034146
4C_stability,0.7,1.0,0.0001,3,200,1e-08,0.00013929391660383282,attractor,1.0533612647334714,1.0006073698912084,0.2516167881753555,False,20000,20000,0.4,635,5.816991765509727,False,0.5713562499731779
4C_stability,0.7,1.0,0.0001,4,200,1e-06,0.00011401726217242357,attractor,1.0274667012922574,1.00659011421613,0.17619790099459803,False,20000,20000,0.4,803,7.355975413707576,False,0.5723913750262
4C_stability,0.7,1.0,0.001,0,200,0.0001,0.0008774221705203863,attractor,1.045714757831923,1.007466518907698,0.19645012313185226,False,20000,20000,0.4,343,3.142091615070609,False,0.571658665954601
4C_stability,0.7,1.0,0.001,1,200,1e-08,0.0011650918673894635,attractor,0.9726785439653962,0.711796907916112,0.0033326552464048157,False,20000,20000,0.4,227,2.079460048457808,False,0.5717604590463452
4C_stability,0.7,1.0,0.001,2,200,1e-08,0.0010992187686707918,attractor,0.9941469297219334,1.008257002134742,0.2126807564239667,False,20000,20000,0.4,321,2.9405580420923187,False,0.5756082500447519
4C_stability,0.7,1.0,0.001,3,200,1e-05,0.000895236661827889,attractor,1.0425177768670626,0.999931686811368,0.1721877344060635,False,20000,20000,0.4,568,5.203230429621299,False,0.5712748329970054
4C_stability,0.7,1.0,0.001,4,200,0.0001,0.0008144822883180263,attractor,1.0375290767438705,0.7210932502807531,0.04286561455904039,False,20000,20000,0.4,87,0.7969736749596004,False,0.5707080829888582
4C_stability,0.7,1.0,0.01,0,200,0.001,0.005637356198527748,diverged,8.931327357944217e+39,nan,nan,False,20000,20000,0.4,56,0.5129945493992831,False,0.5662962910137139
4C_stability,0.7,1.0,0.01,1,200,0.001,0.006969700333076352,attractor,0.865883821935171,0.7935657034785465,0.8580672410727807,False,20000,20000,0.4,81,0.7420099732382487,False,0.570157999987714
4C_stability,0.7,1.0,0.01,2,200,0.01,0.006292446471894071,attractor,2.228481850652301,1.6040164593986124,0.13694044206818995,False,20000,20000,0.4,208,1.9054083263401942,False,0.5691475000348873
4C_stability,0.7,1.0,0.01,3,200,0.001,0.006007488518119095,attractor,0.9198496562771791,1.0463125427544904,0.22616656723594117,False,20000,20000,0.4,19,0.17405172211761388,False,0.5721237499965355
4C_stability,0.7,1.0,0.01,4,200,0.001,0.005513938623655408,attractor,0.9318763820747678,1.0298283264729158,0.4705622686376788,False,20000,20000,0.4,59,0.5404764002599589,False,0.5719526669709012
4C_stability,0.9,0.1,0.0,0,200,1e-07,6.67610630989613e-05,diverged,5.974233494658339e+307,nan,nan,True,4699,20000,0.4,155,1.419895627801587,False,0.17687450000084937
4C_stability,0.9,0.1,0.0,1,200,1e-05,0.00038460209584137265,diverged,5.962902123190472e+307,nan,nan,True,9339,20000,0.4,364,3.33446457109534,False,0.2829634169465862
4C_stability,0.9,0.1,0.0,2,200,1e-06,0.0005000526842520934,attractor,2.740314663619449,1.4082706567490217,0.1603527077318144,False,20000,20000,0.4,233,2.1344237501791596,False,0.5272042079595849
4C_stability,0.9,0.1,0.0,3,200,1e-05,0.00019017723736307907,diverged,5.433151628322725,nan,nan,False,20000,20000,0.4,154,1.4107350108480283,False,0.5255291250068694
4C_stability,0.9,0.1,0.0,4,200,1e-06,9.423472007005062e-05,diverged,5.747679718311967e+307,nan,nan,True,4233,20000,0.4,94,0.8610979936345109,False,0.16616237501148134
4C_stability,0.9,0.1,0.0001,0,200,1e-06,8.732127064520322e-05,diverged,6.157967134926836e+307,nan,nan,True,5383,20000,0.4,127,1.1633983531019454,False,0.21239420800702646
4C_stability,0.9,0.1,0.0001,1,200,1e-05,0.00041281385371542105,diverged,6.240624874900179e+307,nan,nan,True,9235,20000,0.4,365,3.343625188048898,False,0.30657387495739385
4C_stability,0.9,0.1,0.0001,2,200,1e-07,0.0004665782149623091,attractor,2.407281941477259,1.457399016131293,0.185018295181887,False,20000,20000,0.4,231,2.1161025162720426,False,0.570083207974676
4C_stability,0.9,0.1,0.0001,3,200,1e-05,0.000191488069865084,diverged,5.808731853940571,nan,nan,False,20000,20000,0.4,154,1.4107350108480283,False,0.5728114580269903
4C_stability,0.9,0.1,0.0001,4,200,1e-06,0.00011200542372849376,diverged,5.329684848045592e+307,nan,nan,True,4396,20000,0.4,84,0.7694918240989245,False,0.19077733298763633
4C_stability,0.9,0.1,0.001,0,200,0.0001,0.00025569759176637406,diverged,6.384600336744888e+307,nan,nan,True,9985,20000,0.4,198,1.8138021568046079,False,0.3258424590458162
4C_stability,0.9,0.1,0.001,1,200,1e-05,0.0006592017602082904,diverged,6.278496709439762e+307,nan,nan,True,6571,20000,0.4,150,1.3740925430337938,False,0.24286083300830796
4C_stability,0.9,0.1,0.001,2,200,1e-08,0.0008021091351735619,attractor,1.5141859193907798,1.1646885203040107,0.14868728808388829,False,20000,20000,0.4,237,2.171066217993394,False,0.5710608749650419
4C_stability,0.9,0.1,0.001,3,200,1e-05,0.00037302683736571636,periodic,1.2933783142927382,1.6995464533503974,0.9724510762396836,False,20000,20000,0.4,130,1.1908802039626214,False,0.57247637497494
4C_stability,0.9,0.1,0.001,4,200,0.0001,0.00030930976352958354,diverged,5.918471512214283e+307,nan,nan,True,4205,20000,0.4,66,0.6046007189348693,False,0.18898233404615894
4C_stability,0.9,0.1,0.01,0,200,0.01,0.0015421136893592105,attractor,1.1050745012686252,0.6502779738466715,-0.001551792993471271,False,20000,20000,0.4,43,0.39390652900302087,False,0.5692931670346297
4C_stability,0.9,0.1,0.01,1,200,0.001,0.0026317296504787453,attractor,2.0942450710343796,1.6610951412501385,0.7058321118340172,False,20000,20000,0.4,154,1.4107350108480283,False,0.5692118750303052
4C_stability,0.9,0.1,0.01,2,200,1e-08,0.0024069616015451093,diverged,5.80726108057152e+307,nan,nan,True,8579,20000,0.4,86,0.7878130580060417,False,0.2921930000302382
4C_stability,0.9,0.1,0.01,3,200,0.001,0.0019573910867058267,diverged,5.373452246751495e+307,nan,nan,True,5255,20000,0.4,80,0.7328493562846901,False,0.21040908404393122
4C_stability,0.9,0.1,0.01,4,200,0.01,0.0016190331005692283,diverged,6.003551353600719e+307,nan,nan,True,7094,20000,0.4,75,0.6870462715168969,False,0.2546826250036247
4C_stability,0.9,0.3,0.0,0,200,1e-08,1.5504886226050833e-05,attractor,1.1136067980828617,0.8384794087385358,0.1865064453025796,False,20000,20000,0.4,647,5.9269191689524305,False,0.5237758330185898
4C_stability,0.9,0.3,0.0,1,200,1e-07,0.00018186049976533884,attractor,1.0226841671378708,0.99657802702186,0.15908084552254326,False,20000,20000,0.4,618,5.66126127729923,False,0.5254587499657646
4C_stability,0.9,0.3,0.0,2,200,1e-06,0.0003422444523101997,attractor,0.995410063237147,0.7995731743542345,0.0052151443917777965,False,20000,20000,0.4,461,4.223044415590526,False,0.5253108750330284
4C_stability,0.9,0.3,0.0,3,200,1e-08,3.1437276863927e-05,attractor,1.012855229929944,1.0131227368395976,0.17181064403431368,False,20000,20000,0.4,645,5.9085979350453135,False,0.525836166983936
4C_stability,0.9,0.3,0.0,4,200,1e-08,1.4976012797942892e-05,attractor,1.0065166361446962,1.0027711858309156,0.17030433197182074,False,20000,20000,0.4,432,3.9573865239373265,False,0.5274805829976685
4C_stability,0.9,0.3,0.0001,0,200,1e-06,4.4281913128448605e-05,attractor,1.1395617857412317,0.9915177140063668,0.18725507813516593,False,20000,20000,0.4,361,3.3069827202346636,False,0.5753965419717133
4C_stability,0.9,0.3,0.0001,1,200,1e-08,0.00020577395333613182,attractor,1.0414944872961398,1.0032249059410536,0.2111612736720912,False,20000,20000,0.4,680,6.229219528419865,False,0.5717413750244305
4C_stability,0.9,0.3,0.0001,2,200,1e-07,0.0003816332706545138,attractor,0.983753578412998,0.9897136895308783,0.1986955732044315,False,20000,20000,0.4,470,4.305489968172554,False,0.5723700409871526
4C_stability,0.9,0.3,0.0001,3,200,1e-08,5.9302401266675306e-05,attractor,1.0440330809895082,1.0061422220903378,0.28658806388034475,False,20000,20000,0.4,641,5.871955467231079,False,0.5730572920292616
4C_stability,0.9,0.3,0.0001,4,200,1e-08,4.341784040768003e-05,attractor,1.0308626950922766,1.0094373680949005,0.19261507336108122,False,20000,20000,0.4,92,0.8427767597273936,False,0.5706125409924425
4C_stability,0.9,0.3,0.001,0,200,1e-05,0.00024422641474734975,attractor,1.0691996356704607,0.7421819050949164,0.10004059745085635,False,20000,20000,0.4,347,3.1787340828848434,False,0.5686374159995466
4C_stability,0.9,0.3,0.001,1,200,1e-08,0.0004802416905416057,attractor,0.9976823396952211,0.8908764358807121,0.22330670121713092,False,20000,20000,0.4,388,3.5543193779807467,False,0.5714956659940071
4C_stability,0.9,0.3,0.001,2,200,1e-08,0.0007372490669516613,attractor,1.0202397064224218,0.8638686597080183,0.08871464068704994,False,20000,20000,0.4,470,4.305489968172554,False,0.5729064170154743
4C_stability,0.9,0.3,0.001,3,200,1e-08,0.000315757505193553,attractor,1.0417034938898428,1.0049200060360297,0.19246494005887393,False,20000,20000,0.4,496,4.543666008965078,False,0.5726325830328278
4C_stability,0.9,0.3,0.001,4,200,1e-08,0.0002553634865124523,attractor,1.034580994357862,1.0096511724826456,0.16431841655008111,False,20000,20000,0.4,82,0.7511705901918073,False,0.5735051249503158
4C_stability,0.9,0.3,0.01,0,200,0.0001,0.0015361907543333323,attractor,1.0590256256976094,1.00480722555712,0.16168344610849708,False,20000,20000,0.4,53,0.4855126985386072,False,0.5718012500437908
4C_stability,0.9,0.3,0.01,1,200,1e-08,0.002140112067341692,attractor,1.021007785557768,1.0096956959526033,0.1854828576917425,False,20000,20000,0.4,165,1.5115017973371734,False,0.5720740419928916
4C_stability,0.9,0.3,0.01,2,200,1e-08,0.002539929315361408,attractor,0.9972831068063646,0.891958917128034,0.08691627568401877,False,20000,20000,0.4,388,3.5543193779807467,False,0.5715981249813922
4C_stability,0.9,0.3,0.01,3,200,1e-08,0.0017956201908488623,attractor,1.0195996722129916,1.0060699833664721,0.2341402836329105,False,20000,20000,0.4,279,2.5558121300428565,False,0.5834888750105165
4C_stability,0.9,0.3,0.01,4,200,1e-08,0.001699954323868383,diverged,5.13393532657845e+307,nan,nan,True,4417,20000,0.4,98,0.8977404614487453,False,0.19272633298533037
4C_stability,0.9,0.6,0.0,0,200,1e-08,1.3295882940856864e-05,attractor,1.1719093698546483,0.9946085919106225,0.18491729642019314,False,20000,20000,0.4,657,6.0185253384880175,False,0.529459165991284
4C_stability,0.9,0.6,0.0,1,200,1e-08,0.00010935871222458152,attractor,0.978603245028427,1.0027524142182553,0.1602960467791871,False,20000,20000,0.4,696,6.375789399676803,False,0.5264940409688279
4C_stability,0.9,0.6,0.0,2,200,1e-06,0.0002942019251368999,attractor,1.0327647330287821,0.9989839279829973,0.20413807387899743,False,20000,20000,0.4,467,4.278008117311878,False,0.5260386670124717
4C_stability,0.9,0.6,0.0,3,200,1e-08,3.579450254627809e-05,attractor,1.0192757513232382,1.0077148686410848,0.1488380125991575,False,20000,20000,0.4,889,8.143788471713618,False,0.5264067499665543
4C_stability,0.9,0.6,0.0,4,200,1e-08,1.0903090881191926e-05,attractor,2.6486864540580566,2.708968085128743,-0.00029032697342094204,False,20000,20000,0.4,348,3.1878946998384015,False,0.5251038339920342
4C_stability,0.9,0.6,0.0001,0,200,1e-07,6.777135045424189e-05,attractor,1.0651072372334678,0.9983219882560402,0.13810180160562957,False,20000,20000,0.4,363,3.325303954141781,False,0.5711433329852298
4C_stability,0.9,0.6,0.0001,1,200,1e-08,0.00017683996482385376,attractor,0.9757213285854563,1.0053878115062669,0.17840993952270928,False,20000,20000,0.4,544,4.983375622735893,False,0.5729713749606162
4C_stability,0.9,0.6,0.0001,2,200,1e-08,0.00032299543998774325,attractor,1.0450687681044792,1.0037822151354032,0.1445219561353186,False,20000,20000,0.4,843,7.722400091849921,False,0.5704384160344489
4C_stability,0.9,0.6,0.0001,3,200,1e-08,0.00010049570483497299,attractor,1.0664583684493378,0.8917157084571348,0.08211172465124139,False,20000,20000,0.4,647,5.9269191689524305,False,0.5718396250158548
4C_stability,0.9,0.6,0.0001,4,200,1e-07,6.1070511903151e-05,attractor,1.0592020700786773,1.0119665580937953,0.14916352105240696,False,20000,20000,0.4,503,4.6077903276399885,False,0.5721772499964572
4C_stability,0.9,0.6,0.001,0,200,1e-05,0.0003951665558776726,attractor,1.0903048184231388,0.7162342566635638,0.027698384271710303,False,20000,20000,0.4,345,3.160412848977726,False,0.5737373329466209
4C_stability,0.9,0.6,0.001,1,200,1e-05,0.000633717438581849,attractor,1.0179246042283863,1.0081994978225048,0.21466250706231826,False,20000,20000,0.4,381,3.490195059305836,False,0.5716103750164621
4C_stability,0.9,0.6,0.001,2,200,1e-08,0.0008493531828790312,attractor,0.9970066068982796,1.0056574464252435,0.16918209192881467,False,20000,20000,0.4,399,3.6550861644698918,False,0.5677939160377719
4C_stability,0.9,0.6,0.001,3,200,1e-08,0.0005355714551877504,attractor,1.005444500038811,1.006279488990975,0.18512574562130096,False,20000,20000,0.4,357,3.2703402524204295,False,0.5709952079923823
4C_stability,0.9,0.6,0.001,4,200,1e-05,0.00042039173222381256,attractor,1.0341403041119395,0.9934950465612923,0.1520983403642661,False,20000,20000,0.4,85,0.7786524410524831,False,0.571669666969683
4C_stability,0.9,0.6,0.01,0,200,0.0001,0.0025884800685418864,attractor,0.9903356811030354,1.0067978794306813,0.18667038443479403,False,20000,20000,0.4,121,1.1084346513805936,False,0.5744262920343317
4C_stability,0.9,0.6,0.01,1,200,0.001,0.0034856947320109624,attractor,0.9861762660629472,0.9949803699061979,0.1567026909547708,False,20000,20000,0.4,303,2.7756669369282636,False,0.5742122089723125
4C_stability,0.9,0.6,0.01,2,200,0.001,0.0035749775750425973,attractor,0.9546356723788705,1.0110642085871497,0.1719870748130803,False,20000,20000,0.4,165,1.5115017973371734,False,0.5758217920083553
4C_stability,0.9,0.6,0.01,3,200,1e-08,0.003214969269978773,attractor,0.9608054888073088,1.0129029498405628,0.2176672088300184,False,20000,20000,0.4,23,0.2106941899318484,False,0.5733942500082776
4C_stability,0.9,0.6,0.01,4,200,0.0001,0.002898161636086324,attractor,0.9735552654468149,1.0055192469064007,0.2101429125020062,False,20000,20000,0.4,85,0.7786524410524831,False,0.5695466250181198
4C_stability,0.9,1.0,0.0,0,200,1e-08,1.9174794424953216e-05,attractor,1.1000030186126273,0.9994026483959134,0.1900902684187706,False,20000,20000,0.4,653,5.9818828706737825,False,0.5274789999821223
4C_stability,0.9,1.0,0.0,1,200,1e-08,0.00010492229208410935,attractor,0.9759774659669186,1.0051548554805352,0.19689959385064323,False,20000,20000,0.4,776,7.108638755961493,False,0.5230905839707702
4C_stability,0.9,1.0,0.0,2,200,1e-07,0.0001837451862475732,attractor,1.0108908076889913,1.0050057929685368,0.19969346717636288,False,20000,20000,0.4,466,4.268847500358319,False,0.5236902079777792
4C_stability,0.9,1.0,0.0,3,200,1e-08,4.783568732173465e-05,attractor,0.9999710858549871,1.0069620775579773,0.191991001581538,False,20000,20000,0.4,636,5.826152382463286,False,0.5269964160397649
4C_stability,0.9,1.0,0.0,4,200,1e-08,1.2204664407059337e-05,attractor,1.0494870906225144,0.9980067391459074,0.1937560347675462,False,20000,20000,0.4,501,4.5894690937328715,False,0.5230393329984508
4C_stability,0.9,1.0,0.0001,0,200,1e-06,0.00013581292088956281,attractor,1.0686203855669838,0.9974635745230391,0.1745304072455046,False,20000,20000,0.4,653,5.9818828706737825,False,0.5734385419636965
4C_stability,0.9,1.0,0.0001,1,200,1e-05,0.0002516827797989622,attractor,1.009260333998941,0.9996122056146698,0.17552057536773993,False,20000,20000,0.4,381,3.490195059305836,False,0.5739933329750784
4C_stability,0.9,1.0,0.0001,2,200,1e-08,0.00031366387616292677,attractor,1.0256034012905604,1.0075206995935795,0.22046428772141058,False,20000,20000,0.4,500,4.5803084767793125,False,0.5738601250341162
4C_stability,0.9,1.0,0.0001,3,200,1e-08,0.00015856845308160426,attractor,1.019637632792817,1.0059650446384514,0.19605133009080233,False,20000,20000,0.4,498,4.5619872428721955,False,0.5727124999975786
4C_stability,0.9,1.0,0.0001,4,200,1e-06,0.00011917175240401714,attractor,1.0236833341414158,1.0068461345945834,0.18720431544252605,False,20000,20000,0.4,506,4.6352721785006645,False,0.5740745419752784
4C_stability,0.9,1.0,0.001,0,200,0.0001,0.000820823264769015,attractor,1.2689962920495048,1.0124554975836402,0.17636921418169688,False,20000,20000,0.4,344,3.151252232024167,False,0.572028708003927
4C_stability,0.9,1.0,0.001,1,200,0.0001,0.0010471321357441562,attractor,0.9962649284593271,1.0110723387917733,0.16701914659343675,False,20000,20000,0.4,305,2.793988170835381,False,0.5710108749917708
4C_stability,0.9,1.0,0.001,2,200,1e-05,0.0013225549350264225,attractor,1.0031384334442315,1.009823084652315,0.16974607659083688,False,20000,20000,0.4,236,2.1619056010398356,False,0.5726902919705026
4C_stability,0.9,1.0,0.001,3,200,0.0001,0.0009386028953116535,attractor,1.0019592908601622,0.9747496419280635,0.16805139603126998,False,20000,20000,0.4,422,3.8657803544017395,False,0.5804484579712152
4C_stability,0.9,1.0,0.001,4,200,0.0001,0.0007480559906573291,attractor,1.0139415964651208,0.9992524782264455,0.16954749142632652,False,20000,20000,0.4,82,0.7511705901918073,False,0.5738962909672409
4C_stability,0.9,1.0,0.01,0,200,0.001,0.005101773510403115,attractor,1.223892868267146,0.9189915582187257,0.3528328170992031,False,20000,20000,0.4,47,0.43054899681725545,False,0.5724686249741353
4C_stability,0.9,1.0,0.01,1,200,0.001,0.006506814676552593,attractor,0.8711735573415945,0.7901424384496474,0.8719093515489569,False,20000,20000,0.4,45,0.41222776291013813,False,0.5735425000311807
4C_stability,0.9,1.0,0.01,2,200,0.01,0.005828333759800362,attractor,2.5198661073321644,3.245422876167837,0.06592815530190113,False,20000,20000,0.4,96,0.879419227541628,False,0.5745435829740018
4C_stability,0.9,1.0,0.01,3,200,0.001,0.005715742896217009,attractor,0.9203908316257869,1.0304758099572628,0.20346951061947205,False,20000,20000,0.4,18,0.16489110516405525,False,0.5753683330258355
4C_stability,0.9,1.0,0.01,4,200,0.001,0.004858495722641958,attractor,0.9198917134965119,0.9615973305188719,0.19475215285833558,False,20000,20000,0.4,83,0.760331207145366,False,0.57271000003675
4C_stability,1.1,0.1,0.0,0,200,1e-05,0.0003070198118024634,diverged,6.8317621676484555e+307,nan,nan,True,9775,20000,0.4,73,0.6687250376097796,False,0.2916112919920124
4C_stability,1.1,0.1,0.0,1,200,0.0001,0.0016594835397483678,diverged,5.898385361349203e+307,nan,nan,True,6731,20000,0.4,86,0.7878130580060417,False,0.22063683398300782
4C_stability,1.1,0.1,0.0,2,200,0.001,0.0020099609312674467,diverged,5.744969366029001e+307,nan,nan,True,5054,20000,0.4,81,0.7420099732382487,False,0.1853120409650728
4C_stability,1.1,0.1,0.0,3,200,0.001,0.0010325096104455624,diverged,5.409992350483114e+307,nan,nan,True,5450,20000,0.4,56,0.5129945493992831,False,0.19364962499821559
4C_stability,1.1,0.1,0.0,4,200,0.0001,0.0007136689535080611,diverged,5.96450259164995e+307,nan,nan,True,4380,20000,0.4,77,0.7053675054240142,False,0.16963625000789762
4C_stability,1.1,0.1,0.0001,0,200,0.0001,0.0003065445133173951,diverged,6.567190102501984e+307,nan,nan,True,10883,20000,0.4,117,1.071792183566359,False,0.3484138749772683
4C_stability,1.1,0.1,0.0001,1,200,0.0001,0.0016550751711915223,diverged,6.382687500521154e+307,nan,nan,True,6737,20000,0.4,87,0.7969736749596004,False,0.24738466599956155
4C_stability,1.1,0.1,0.0001,2,200,0.001,0.0020111172351596276,diverged,5.876928159863955e+307,nan,nan,True,5058,20000,0.4,82,0.7511705901918073,False,0.20685879205120727
4C_stability,1.1,0.1,0.0001,3,200,0.001,0.0010296360730294957,diverged,5.643945306917729e+307,nan,nan,True,5446,20000,0.4,56,0.5129945493992831,False,0.21778500004438683
4C_stability,1.1,0.1,0.0001,4,200,0.001,0.0007185070583668695,diverged,5.55743195401171e+307,nan,nan,True,5418,20000,0.4,76,0.6962068884704555,False,0.2162771670264192
4C_stability,1.1,0.1,0.001,0,200,0.0001,0.00039424258394696923,diverged,6.680407025198359e+307,nan,nan,True,8072,20000,0.4,49,0.44887023072437265,False,0.28050116600934416
4C_stability,1.1,0.1,0.001,1,200,0.0001,0.0016556482344720323,diverged,6.349659495303838e+307,nan,nan,True,6559,20000,0.4,98,0.8977404614487453,False,0.2431771249976009
4C_stability,1.1,0.1,0.001,2,200,0.0001,0.0019697418719920455,diverged,6.162499845113824e+307,nan,nan,True,3837,20000,0.4,61,0.5587976341670762,False,0.1756629589945078
4C_stability,1.1,0.1,0.001,3,200,0.001,0.0010241045392961937,diverged,5.518751078829607e+307,nan,nan,True,5342,20000,0.4,56,0.5129945493992831,False,0.2144109170185402
4C_stability,1.1,0.1,0.001,4,200,0.001,0.0007792825725993558,diverged,5.385002829467676e+307,nan,nan,True,5821,20000,0.4,70,0.6412431867491039,False,0.2253224999876693
4C_stability,1.1,0.1,0.01,0,200,0.001,0.0016305289144374127,diverged,6.509338858198097e+307,nan,nan,True,6447,20000,0.4,190,1.740517221176139,False,0.24116683297324926
4C_stability,1.1,0.1,0.01,1,200,0.01,0.00330614289790972,diverged,6.263391400553555e+307,nan,nan,True,10074,20000,0.4,146,1.3374500752195593,False,0.32868466700892895
4C_stability,1.1,0.1,0.01,2,200,1e-08,0.003122235857463086,diverged,6.282086437681744e+307,nan,nan,True,5183,20000,0.4,134,1.227522671776856,False,0.21028737496817484
4C_stability,1.1,0.1,0.01,3,200,0.001,0.0022401029973221987,diverged,5.974115792262052e+307,nan,nan,True,4292,20000,0.4,17,0.15573048821049665,False,0.18739199999254197
4C_stability,1.1,0.1,0.01,4,200,0.001,0.001916996817225752,diverged,5.326587765099896e+307,nan,nan,True,5029,20000,0.4,58,0.5313157833064003,False,0.20712304196786135
4C_stability,1.1,0.3,0.0,0,200,1e-05,9.004300365356018e-05,diverged,6.646142461653929e+307,nan,nan,True,16249,20000,0.4,366,3.352785805002457,False,0.44186445901868865
4C_stability,1.1,0.3,0.0,1,200,1e-05,0.0008122300234212147,attractor,1.0850974370966093,0.6487895127827716,-0.000199473225406885,False,20000,20000,0.4,389,3.5634799949343052,False,0.5315152080147527
4C_stability,1.1,0.3,0.0,2,200,1e-05,0.001265821145268997,diverged,6.533734610039548e+307,nan,nan,True,4438,20000,0.4,311,2.848951872556732,False,0.1708397910115309
4C_stability,1.1,0.3,0.0,3,200,1e-06,0.00020144648822750845,diverged,5.887479278383471e+307,nan,nan,True,2573,20000,0.4,205,1.877926475479518,False,0.13064887502696365
4C_stability,1.1,0.3,0.0,4,200,1e-05,0.00014494120493250073,diverged,6.071532705846345e+307,nan,nan,True,4318,20000,0.4,92,0.8427767597273936,False,0.1674815840087831
4C_stability,1.1,0.3,0.0001,0,200,1e-06,9.604807969002483e-05,diverged,6.322369185109583e+307,nan,nan,True,4652,20000,0.4,360,3.297822103281105,False,0.19910166697809473
4C_stability,1.1,0.3,0.0001,1,200,1e-05,0.0008337170520879826,attractor,0.9632132586401566,0.9907288396477387,0.22268741574867695,False,20000,20000,0.4,391,3.5818012288414227,False,0.5806565419770777
4C_stability,1.1,0.3,0.0001,2,200,1e-05,0.0012528357676588246,diverged,5.726993533255353e+307,nan,nan,True,4382,20000,0.4,308,2.8214700216960567,False,0.19059454096714035
4C_stability,1.1,0.3,0.0001,3,200,1e-05,0.00020509424941586005,diverged,5.101391886744474e+307,nan,nan,True,2728,20000,0.4,209,1.9145689432937525,False,0.15079229202819988
4C_stability,1.1,0.3,0.0001,4,200,1e-05,0.0001472742787393312,attractor,1.0868462938362584,0.8797964449467954,0.11757137039874781,False,20000,20000,0.4,86,0.7878130580060417,False,0.5745752080110833
4C_stability,1.1,0.3,0.001,0,200,1e-05,0.0002490294769542184,attractor,1.0495413055716891,0.698843200763681,0.09328547429167783,False,20000,20000,0.4,366,3.352785805002457,False,0.5766721250256523
4C_stability,1.1,0.3,0.001,1,200,0.0001,0.0010785872503403303,attractor,0.9795865427496873,0.999458527369522,0.1723637696056833,False,20000,20000,0.4,382,3.499355676259395,False,0.5761539579834789
4C_stability,1.1,0.3,0.001,2,200,1e-08,0.0013630650087271387,diverged,6.375718775413448e+307,nan,nan,True,4463,20000,0.4,222,2.033656963690015,False,0.19256404199404642
4C_stability,1.1,0.3,0.001,3,200,1e-05,0.00033348600174025364,diverged,5.584260637839311e+307,nan,nan,True,3334,20000,0.4,185,1.6947141364083458,False,0.16581104102078825
4C_stability,1.1,0.3,0.001,4,200,1e-08,0.00032445385165936406,attractor,1.0501269927700931,1.003074582402324,0.15582156960076862,False,20000,20000,0.4,71,0.6504038037026624,False,0.5816799579770304
4C_stability,1.1,0.3,0.01,0,200,0.001,0.0013798711863854591,diverged,5.949746389718345e+307,nan,nan,True,9945,20000,0.4,191,1.7496778381296976,False,0.32737025001551956
4C_stability,1.1,0.3,0.01,1,200,0.0001,0.0020993399353964087,attractor,1.0025102216254864,1.0064990425054674,0.1565594267854264,False,20000,20000,0.4,547,5.010857473596568,False,0.5772963750059716
4C_stability,1.1,0.3,0.01,2,200,1e-08,0.003243940821879309,attractor,1.2453880793451366,0.6910688506823783,0.7458792750827329,False,20000,20000,0.4,216,1.9786932619686632,False,0.5774165830225684
4C_stability,1.1,0.3,0.01,3,200,1e-08,0.0015644796716860116,attractor,1.064616666724668,1.0020838136593007,0.17644340421615334,False,20000,20000,0.4,125,1.1450771191948281,False,0.576965750020463
4C_stability,1.1,0.3,0.01,4,200,0.001,0.001591202090319397,diverged,5.521443021056616e+307,nan,nan,True,17613,20000,0.4,67,0.613761335888428,False,0.5169958329643123
4C_stability,1.1,0.6,0.0,0,200,1e-06,0.0001318627122446625,attractor,2.6355122862504468,1.0287411397917277,0.15055271057608924,False,20000,20000,0.4,202,1.8504446246188424,False,0.5296132909716107
4C_stability,1.1,0.6,0.0,1,200,1e-05,0.0007049271465020834,attractor,0.9664416889398416,1.0068309704923446,0.17051086938896473,False,20000,20000,0.4,378,3.4627132084451606,False,0.524391166982241
4C_stability,1.1,0.6,0.0,2,200,0.0001,0.0009733494131451597,attractor,1.6204334004151628,1.9675760246442473,0.18223165389417156,False,20000,20000,0.4,393,3.6001224627485398,False,0.5282340830308385
4C_stability,1.1,0.6,0.0,3,200,1e-07,0.0003571052573575029,attractor,1.0022129395824733,1.0125634759743576,0.21638446254911253,False,20000,20000,0.4,1026,9.39879299435115,False,0.527881084010005
4C_stability,1.1,0.6,0.0,4,200,1e-06,0.00011399039722142373,diverged,69.9935559867304,nan,nan,False,20000,20000,0.4,85,0.7786524410524831,False,0.5273017499712296
4C_stability,1.1,0.6,0.0001,0,200,1e-06,0.00015713044784573327,attractor,2.5127717307990505,1.022076669837822,0.19076855371679102,False,20000,20000,0.4,271,2.4825271944143874,False,0.5766343750292435
4C_stability,1.1,0.6,0.0001,1,200,1e-05,0.000698477683955684,attractor,1.06146998191275,1.0051881586468885,0.1959121288519555,False,20000,20000,0.4,379,3.471873825398719,False,0.5767827919917181
4C_stability,1.1,0.6,0.0001,2,200,0.0001,0.000967384490378678,attractor,1.5575463189441572,1.8571265643992472,0.15550157175048873,False,20000,20000,0.4,396,3.6276043136092158,False,0.57545054203365
4C_stability,1.1,0.6,0.0001,3,200,1e-06,0.00037026720252840233,attractor,0.9981168503534931,1.0146606940979208,0.1928097233338661,False,20000,20000,0.4,1027,9.407953611304707,False,0.5705567499971949
4C_stability,1.1,0.6,0.0001,4,200,1e-06,0.0001350110552018393,diverged,14.249566719586147,nan,nan,False,20000,20000,0.4,91,0.833616142773835,False,0.5737759170006029
4C_stability,1.1,0.6,0.001,0,200,1e-05,0.00047530136799651696,attractor,1.040504674927018,0.5793919242388307,0.05299585072119548,False,20000,20000,0.4,343,3.142091615070609,False,0.5760185830295086
4C_stability,1.1,0.6,0.001,1,200,1e-08,0.0009653341031926774,attractor,1.104050722131927,1.0097034097954487,0.21835413993070063,False,20000,20000,0.4,696,6.375789399676803,False,0.5788562499801628
4C_stability,1.1,0.6,0.001,2,200,1e-08,0.0012219021910097507,attractor,0.9800279396589407,1.011002966624485,0.17112043069712862,False,20000,20000,0.4,386,3.5359981440736292,False,0.5783043749979697
4C_stability,1.1,0.6,0.001,3,200,1e-08,0.0006975285005893769,attractor,1.0032126044370773,1.0121499461888235,0.23339059453300628,False,20000,20000,0.4,632,5.789509914649051,False,0.5773324170149863
4C_stability,1.1,0.6,0.001,4,200,1e-05,0.0004220733863642792,attractor,0.989286023680579,1.0076035984087663,0.2010099288066731,False,20000,20000,0.4,85,0.7786524410524831,False,0.5768848329898901
4C_stability,1.1,0.6,0.01,0,200,1e-08,0.0025315238874247773,attractor,0.9440919078397894,0.4057668922302338,0.015414969159500977,False,20000,20000,0.4,201,1.8412840076652839,False,0.5885093749966472
4C_stability,1.1,0.6,0.01,1,200,0.001,0.003274205366496814,attractor,0.994271385445377,1.0159487339260245,0.15126804044185851,False,20000,20000,0.4,102,0.9343829292629798,False,0.5757930409745313
4C_stability,1.1,0.6,0.01,2,200,0.001,0.003567985758509187,attractor,0.985998059961919,0.9991081695569917,0.15894845153083587,False,20000,20000,0.4,318,2.913076191231643,False,0.5761070000007749
4C_stability,1.1,0.6,0.01,3,200,1e-08,0.003158723664760363,attractor,0.9501307323055499,1.0185934453848036,0.1991246367500125,False,20000,20000,0.4,24,0.219854806885407,False,0.5756688330438919
4C_stability,1.1,0.6,0.01,4,200,0.001,0.002326253872265545,attractor,0.9818244378256568,1.018964861621682,0.17257458262950182,False,20000,20000,0.4,71,0.6504038037026624,False,0.5777662500040606
4C_stability,1.1,1.0,0.0,0,200,1e-06,0.0002262767604328989,attractor,2.074317030971469,1.6403767487546106,0.405876481224223,False,20000,20000,0.4,374,3.426070740630926,False,0.5308121659909375
4C_stability,1.1,1.0,0.0,1,200,1e-08,0.0007144617614622348,attractor,0.9585375926124352,1.0125166486940493,0.1701863743419432,False,20000,20000,0.4,386,3.5359981440736292,False,0.52826550003374
4C_stability,1.1,1.0,0.0,2,200,1e-08,0.001110882296469671,attractor,0.9925098443508856,1.0075726527696884,0.17847730962065664,False,20000,20000,0.4,459,4.204723181683409,False,0.528502875007689
4C_stability,1.1,1.0,0.0,3,200,1e-08,0.0005341161281765093,attractor,1.8237146261050277,1.0170371954595125,0.15847625457473954,False,20000,20000,0.4,22,0.20153357297828975,False,0.5266540410229936
4C_stability,1.1,1.0,0.0,4,200,1e-06,0.00012770325931437703,attractor,1.7732271325277311,2.1530520087839324,0.15903950186954205,False,20000,20000,0.4,72,0.659564420656221,False,0.5288429580396041
4C_stability,1.1,1.0,0.0001,0,200,1e-05,0.00029704856898924695,attractor,2.856474710393726,2.69214045920425,0.03247106995747326,False,20000,20000,0.4,356,3.2611796354668705,False,0.5782457089517266
4C_stability,1.1,1.0,0.0001,1,200,1e-05,0.000765194002589657,attractor,0.9807077840999889,0.977736332833484,0.18263118181274904,False,20000,20000,0.4,395,3.6184436966556572,False,0.5789847090491094
4C_stability,1.1,1.0,0.0001,2,200,1e-08,0.001295350127419576,attractor,0.9765077746703617,0.9932377639920823,0.1483277869903989,False,20000,20000,0.4,313,2.8672731064638497,False,0.5778914169641212
4C_stability,1.1,1.0,0.0001,3,200,1e-08,0.0005929298177205235,attractor,0.9166921200840824,0.8281362081383821,0.06989625223830455,False,20000,20000,0.4,44,0.4030671459565795,False,0.576848249998875
4C_stability,1.1,1.0,0.0001,4,200,1e-06,0.00020098285793048652,attractor,1.0050028729954372,1.0025837092553342,0.15212770402748207,False,20000,20000,0.4,352,3.224537167652636,False,0.5808255420415662
4C_stability,1.1,1.0,0.001,0,200,0.0001,0.0009752831212990287,attractor,1.3723375318930304,0.6531099003090859,0.01194362766231425,False,20000,20000,0.4,341,3.1237703811634914,False,0.5768263339996338
4C_stability,1.1,1.0,0.001,1,200,1e-08,0.0013916423567186548,attractor,0.9749885277645849,0.40853803006622613,-0.0009049758313857518,False,20000,20000,0.4,397,3.6367649305627743,False,0.5765017920057289
4C_stability,1.1,1.0,0.001,2,200,0.001,0.0018099562133786573,attractor,0.9691018204594233,1.0188770217560135,0.17344669606296564,False,20000,20000,0.4,157,1.4382168617087043,False,0.5783626670017838
4C_stability,1.1,1.0,0.001,3,200,1e-08,0.0013870306487964433,attractor,0.9881630652802847,1.015810510084092,0.21490439052229612,False,20000,20000,0.4,297,2.720703235206912,False,0.5782666659797542
4C_stability,1.1,1.0,0.001,4,200,1e-05,0.00077002722798201,attractor,0.9791260930698299,1.0050475333928317,0.2314495126756663,False,20000,20000,0.4,77,0.7053675054240142,False,0.5789872499881312
4C_stability,1.1,1.0,0.01,0,200,1e-08,0.005193262091724182,attractor,0.971917002332044,1.0289697160885618,0.22571402836579973,False,20000,20000,0.4,127,1.1633983531019454,False,0.5843765420140699
4C_stability,1.1,1.0,0.01,1,200,0.001,0.006412295451340476,attractor,0.9287221855370574,1.0090849576586984,0.2412373796584848,False,20000,20000,0.4,40,0.36642467814234503,False,0.5801577910315245
4C_stability,1.1,1.0,0.01,2,200,0.01,0.005658278047554881,attractor,1.6889586735107576,2.2680596530911257,0.3093000808053214,False,20000,20000,0.4,235,2.152744984086277,False,0.5772429999778979
4C_stability,1.1,1.0,0.01,3,200,0.001,0.006147644710967081,attractor,0.8334823394888915,0.47158443620839907,0.8415710655818907,False,20000,20000,0.4,22,0.20153357297828975,False,0.579828624962829
4C_stability,1.1,1.0,0.01,4,200,0.001,0.004170651515343237,attractor,0.9558433066054383,1.0117213080424146,0.20165753679159723,False,20000,20000,0.4,83,0.760331207145366,False,0.5769474590197206
4C_stability,1.3,0.1,0.0,0,200,0.001,0.0014127681117540709,diverged,6.261207036765316e+307,nan,nan,True,7675,20000,0.4,50,0.4580308476779313,False,0.243370916985441
4C_stability,1.3,0.1,0.0,1,200,0.01,0.005780683264012968,diverged,5.85137794401314e+307,nan,nan,True,6960,20000,0.4,35,0.3206215933745519,False,0.22526391601422802
4C_stability,1.3,0.1,0.0,2,200,0.01,0.004740574138837199,diverged,6.593094479408372e+307,nan,nan,True,4969,20000,0.4,25,0.22901542383896564,False,0.18103166698710993
4C_stability,1.3,0.1,0.0,3,200,0.01,0.0031738914126588687,diverged,5.66280606268253e+307,nan,nan,True,7633,20000,0.4,58,0.5313157833064003,False,0.24256283399881795
4C_stability,1.3,0.1,0.0,4,200,0.001,0.0038935946410186832,diverged,5.670706891998196e+307,nan,nan,True,4717,20000,0.4,123,1.1267558852877109,False,0.17906541598495096
4C_stability,1.3,0.1,0.0001,0,200,0.001,0.0014100159948833575,diverged,6.273684267030306e+307,nan,nan,True,7756,20000,0.4,50,0.4580308476779313,False,0.274910792009905
4C_stability,1.3,0.1,0.0001,1,200,0.01,0.005772634722629402,diverged,6.184179914214059e+307,nan,nan,True,6944,20000,0.4,36,0.3297822103281105,False,0.25486554199596867
4C_stability,1.3,0.1,0.0001,2,200,0.01,0.00474770007400076,diverged,6.244679031727683e+307,nan,nan,True,4965,20000,0.4,25,0.22901542383896564,False,0.2050857090507634
4C_stability,1.3,0.1,0.0001,3,200,0.01,0.0031727605694862604,diverged,5.820746040163864e+307,nan,nan,True,7633,20000,0.4,58,0.5313157833064003,False,0.27135954098775983
4C_stability,1.3,0.1,0.0001,4,200,0.001,0.0039003605258400927,diverged,6.049280553256569e+307,nan,nan,True,4712,20000,0.4,123,1.1267558852877109,False,0.20143137499690056
4C_stability,1.3,0.1,0.001,0,200,0.001,0.0013958706880280432,diverged,6.47637830772556e+307,nan,nan,True,8019,20000,0.4,51,0.4671914646314899,False,0.2818115000263788
4C_stability,1.3,0.1,0.001,1,200,0.01,0.005705662814919129,diverged,5.979333123433556e+307,nan,nan,True,6789,20000,0.4,36,0.3297822103281105,False,0.25081349996617064
4C_stability,1.3,0.1,0.001,2,200,0.01,0.004810932191733161,diverged,6.462140092324687e+307,nan,nan,True,4928,20000,0.4,25,0.22901542383896564,False,0.20566375000635162
4C_stability,1.3,0.1,0.001,3,200,0.01,0.0031678793280186385,diverged,5.658493339750131e+307,nan,nan,True,7621,20000,0.4,59,0.5404764002599589,False,0.27320283302105963
4C_stability,1.3,0.1,0.001,4,200,0.001,0.003957141462658058,diverged,5.282611370850038e+307,nan,nan,True,4630,20000,0.4,118,1.0809528005199178,False,0.19827145902672783
4C_stability,1.3,0.1,0.01,0,200,0.001,0.00206075938883902,periodic,1.3678932685028697,1.5372984071606195,0.9893160287571375,False,20000,20000,0.4,43,0.39390652900302087,False,0.5747480829595588
4C_stability,1.3,0.1,0.01,1,200,0.01,0.005612242234755377,diverged,5.599802313028301e+307,nan,nan,True,5561,20000,0.4,53,0.4855126985386072,False,0.22064437496010214
4C_stability,1.3,0.1,0.01,2,200,0.01,0.005316918069373982,diverged,5.839579002307069e+307,nan,nan,True,4723,20000,0.4,49,0.44887023072437265,False,0.19933295802911744
4C_stability,1.3,0.1,0.01,3,200,0.001,0.003577354961435805,diverged,5.720540344287432e+307,nan,nan,True,5769,20000,0.4,58,0.5313157833064003,False,0.22511295904405415
4C_stability,1.3,0.1,0.01,4,200,0.01,0.004592914983084775,diverged,5.729603685691761e+307,nan,nan,True,5414,20000,0.4,56,0.5129945493992831,False,0.21706129203084856
4C_stability,1.3,0.3,0.0,0,200,0.0001,0.0004964634876478233,diverged,2.522331731030642e+287,nan,nan,False,20000,20000,0.4,199,1.8229627737581664,False,0.5209745000465773
4C_stability,1.3,0.3,0.0,1,200,1e-08,0.0018864858943448935,diverged,1.114007369933948e+299,nan,nan,False,20000,20000,0.4,307,2.812309404742498,False,0.5208682080265135
4C_stability,1.3,0.3,0.0,2,200,1e-08,0.0031116718079374473,diverged,6.125176419886641e+307,nan,nan,True,4441,20000,0.4,159,1.4565380956158216,False,0.17039895901689306
4C_stability,1.3,0.3,0.0,3,200,0.0001,0.0009048633890651221,diverged,4.772627679843919e+307,nan,nan,True,2729,20000,0.4,39,0.3572640611887864,False,0.1332454169751145
4C_stability,1.3,0.3,0.0,4,200,0.0001,0.0006569744370555738,diverged,5.930327722954148e+307,nan,nan,True,3497,20000,0.4,75,0.6870462715168969,False,0.1508410000242293
4C_stability,1.3,0.3,0.0001,0,200,0.0001,0.0004969000365923941,diverged,1.9844071567738062e+277,nan,nan,False,20000,20000,0.4,203,1.8596052415724011,False,0.5778831669595093
4C_stability,1.3,0.3,0.0001,1,200,1e-08,0.0018936516722838773,diverged,1.2770438756145917e+284,nan,nan,False,20000,20000,0.4,308,2.8214700216960567,False,0.5820002089603804
4C_stability,1.3,0.3,0.0001,2,200,1e-08,0.003099556683611536,diverged,5.964719290098778e+307,nan,nan,True,4288,20000,0.4,159,1.4565380956158216,False,0.19029045797651634
4C_stability,1.3,0.3,0.0001,3,200,0.0001,0.0009040341579167664,diverged,5.789880441238582e+307,nan,nan,True,2734,20000,0.4,39,0.3572640611887864,False,0.15139137499500066
4C_stability,1.3,0.3,0.0001,4,200,0.0001,0.0006569920318694187,diverged,5.382821206267776e+307,nan,nan,True,3540,20000,0.4,76,0.6962068884704555,False,0.17120162502396852
4C_stability,1.3,0.3,0.001,0,200,0.0001,0.0005420935358338393,diverged,6.806229970351061e+307,nan,nan,True,16500,20000,0.4,268,2.455045343553712,False,0.4892715419991873
4C_stability,1.3,0.3,0.001,1,200,1e-08,0.001987825537091205,diverged,6.132446936280553e+307,nan,nan,True,16720,20000,0.4,459,4.204723181683409,False,0.4992852919967845
4C_stability,1.3,0.3,0.001,2,200,1e-08,0.0029248593130705262,attractor,0.9563502692718993,0.5448741690648287,0.625809523921415,False,20000,20000,0.4,241,2.2077086858076287,False,0.5809052079566754
4C_stability,1.3,0.3,0.001,3,200,0.0001,0.0009217187939792662,diverged,5.231982617847738e+307,nan,nan,True,2745,20000,0.4,39,0.3572640611887864,False,0.15281341696390882
4C_stability,1.3,0.3,0.001,4,200,1e-08,0.0006732887080972041,diverged,5.71292230913699e+307,nan,nan,True,3355,20000,0.4,79,0.7236887393311314,False,0.16694754199124873
4C_stability,1.3,0.3,0.01,0,200,1e-08,0.0013793249955716136,attractor,0.9507936927300292,0.3990249626011525,0.004732655956499491,False,20000,20000,0.4,199,1.8229627737581664,False,0.5794880000175908
4C_stability,1.3,0.3,0.01,1,200,1e-08,0.002827266943099042,attractor,1.4404051109938647,0.9850241636634995,0.16529943459466456,False,20000,20000,0.4,309,2.830630638649615,False,0.5830231250147335
4C_stability,1.3,0.3,0.01,2,200,1e-08,0.0032892601504352645,diverged,5.877847229845618e+307,nan,nan,True,11347,20000,0.4,297,2.720703235206912,False,0.365598666947335
4C_stability,1.3,0.3,0.01,3,200,1e-08,0.0017787733891933115,diverged,4.894417309964825e+307,nan,nan,True,2949,20000,0.4,21,0.19237295602473112,False,0.15664954198291525
4C_stability,1.3,0.3,0.01,4,200,0.001,0.0017092537641063444,attractor,1.001810331097535,0.9294142846180095,0.19451094976414512,False,20000,20000,0.4,61,0.5587976341670762,False,0.5818539580213837
4C_stability,1.3,0.6,0.0,0,200,1e-05,0.0007842864553567661,attractor,3.8702906300898148,4.20970824127366,0.15820949034173784,False,20000,20000,0.4,199,1.8229627737581664,False,0.527374624973163
4C_stability,1.3,0.6,0.0,1,200,0.001,0.0018643141904299703,diverged,6.109030194490332,nan,nan,False,20000,20000,0.4,242,2.216869302761187,False,0.5299897919758223
4C_stability,1.3,0.6,0.0,2,200,0.001,0.0033088289396877215,attractor,1.006633076343446,0.9333461373519385,0.21246512598000578,False,20000,20000,0.4,161,1.4748593295229389,False,0.5229164579650387
4C_stability,1.3,0.6,0.0,3,200,0.001,0.002405035624650178,diverged,5.303841312906398e+307,nan,nan,True,9633,20000,0.4,25,0.22901542383896564,False,0.28458799998043105
4C_stability,1.3,0.6,0.0,4,200,0.0001,0.0005936667964539614,diverged,9.361426197033321,nan,nan,False,20000,20000,0.4,80,0.7328493562846901,False,0.5299290419789031
4C_stability,1.3,0.6,0.0001,0,200,1e-05,0.0007874443743429623,attractor,0.9665921642115975,0.7321078937679915,0.6270874394348738,False,20000,20000,0.4,199,1.8229627737581664,False,0.5790488750208169
4C_stability,1.3,0.6,0.0001,1,200,0.001,0.0018653632629204349,diverged,6.1197678699818185,nan,nan,False,20000,20000,0.4,244,2.2351905366683047,False,0.5760409589856863
4C_stability,1.3,0.6,0.0001,2,200,0.001,0.0033077112612019126,attractor,1.020416161293577,1.0122004055674407,0.20874960960060987,False,20000,20000,0.4,161,1.4748593295229389,False,0.5797779999556951
4C_stability,1.3,0.6,0.0001,3,200,0.001,0.002402999946157864,attractor,1.0922606969286484,1.020607189573217,0.1513663024305122,False,20000,20000,0.4,25,0.22901542383896564,False,0.5794365840265527
4C_stability,1.3,0.6,0.0001,4,200,0.0001,0.0005927650420496688,attractor,1.2128599839252858,0.999329219527792,0.2376544021960169,False,20000,20000,0.4,79,0.7236887393311314,False,0.5836917500128038
4C_stability,1.3,0.6,0.001,0,200,1e-05,0.0009301440586673169,diverged,3.218382957733121e+211,nan,nan,False,20000,20000,0.4,205,1.877926475479518,False,0.5795287090004422
4C_stability,1.3,0.6,0.001,1,200,1e-08,0.0018952968823669797,diverged,10.880118068062147,nan,nan,False,20000,20000,0.4,224,2.0519781975971325,False,0.5741288329591043
4C_stability,1.3,0.6,0.001,2,200,0.001,0.003313557012148428,attractor,0.9881717001479661,1.0005641354505115,0.13158766180770512,False,20000,20000,0.4,226,2.0702994315042496,False,0.5800710840267129
4C_stability,1.3,0.6,0.001,3,200,0.001,0.002429479299801952,attractor,1.0339396014864546,1.0431173690920998,0.19053571723687981,False,20000,20000,0.4,25,0.22901542383896564,False,0.5794607080169953
4C_stability,1.3,0.6,0.001,4,200,1e-08,0.0006596155873050095,attractor,1.085557377249305,1.009704820084771,0.1658866823507849,False,20000,20000,0.4,75,0.6870462715168969,False,0.5795995420194231
4C_stability,1.3,0.6,0.01,0,200,1e-05,0.0026469445138829054,attractor,1.1164199564652688,0.969162161133146,0.17250422330674625,False,20000,20000,0.4,60,0.5496370172135175,False,0.5766502500046045
4C_stability,1.3,0.6,0.01,1,200,0.001,0.003984242575848387,attractor,0.9558362349616368,0.7534894881740104,0.051098546208581896,False,20000,20000,0.4,223,2.0428175806435735,False,0.578977249970194
4C_stability,1.3,0.6,0.01,2,200,0.001,0.004711271416066078,attractor,0.5892113921432959,0.8734529850075442,0.3792825490990128,False,20000,20000,0.4,144,1.319128841312442,False,0.5790996659779921
4C_stability,1.3,0.6,0.01,3,200,1e-08,0.004088759895496318,attractor,0.9713798970075266,1.0105958854049915,0.16226368302756952,False,20000,20000,0.4,26,0.23817604079252427,False,0.5826405840343796
4C_stability,1.3,0.6,0.01,4,200,0.0001,0.0022052707081066316,attractor,0.9823488535274667,1.0248382873441069,0.12929875450504932,False,20000,20000,0.4,67,0.613761335888428,False,0.5823345420067199
4C_stability,1.3,1.0,0.0,0,200,1e-08,0.0028303325280394616,attractor,2.0278716684249734,0.6989713297606314,0.7237538082220993,False,20000,20000,0.4,274,2.5100090452750634,False,0.5255377500434406
4C_stability,1.3,1.0,0.0,1,200,0.001,0.003544039362462163,attractor,2.32568317571541,2.8031419291484507,-0.0017790739648021019,False,20000,20000,0.4,229,2.097781282364925,False,0.5299604999599978
4C_stability,1.3,1.0,0.0,2,200,0.001,0.006566081253300706,attractor,0.9360878422530627,1.0307906130079982,0.5971618509766495,False,20000,20000,0.4,218,1.9970144958757805,False,0.5296703330241144
4C_stability,1.3,1.0,0.0,3,200,0.01,0.008573805136975733,attractor,0.9560693670978587,0.8686771309565962,-2.0280123363509687e-05,False,20000,20000,0.4,27,0.2473366577460829,False,0.5310592080350034
4C_stability,1.3,1.0,0.0,4,200,0.0001,0.001480899020343442,attractor,1.2413586473048235,0.9923609304020776,0.15715361021033303,False,20000,20000,0.4,78,0.7145281223775728,False,0.5201815000036731
4C_stability,1.3,1.0,0.0001,0,200,1e-08,0.0028211278750748916,attractor,1.4841076549054433,0.724668855013756,0.4863615114122932,False,20000,20000,0.4,274,2.5100090452750634,False,0.5810829169931822
4C_stability,1.3,1.0,0.0001,1,200,0.001,0.0035520990751796754,attractor,0.9521408445222062,0.7761578376077553,-0.0001678821107130859,False,20000,20000,0.4,231,2.1161025162720426,False,0.5783077090163715
4C_stability,1.3,1.0,0.0001,2,200,0.001,0.006564924870819977,attractor,0.9164041072310967,1.0326890120079824,0.9218289496255614,False,20000,20000,0.4,219,2.006175112829339,False,0.5818781249690801
4C_stability,1.3,1.0,0.0001,3,200,0.01,0.008560585974016516,attractor,0.9550560358347364,0.8679903147373783,-4.199275540959894e-07,False,20000,20000,0.4,27,0.2473366577460829,False,0.5800129160052165
4C_stability,1.3,1.0,0.0001,4,200,0.0001,0.0014894458002297217,attractor,1.218850669841016,0.984500726875224,0.15319740500011608,False,20000,20000,0.4,76,0.6962068884704555,False,0.580598332977388
4C_stability,1.3,1.0,0.001,0,200,0.0001,0.002945618873809215,attractor,0.9720447542759448,0.665983810283528,0.7174392401348916,False,20000,20000,0.4,341,3.1237703811634914,False,0.5805131660308689
4C_stability,1.3,1.0,0.001,1,200,1e-08,0.003928451695707149,attractor,2.2273334044130424,2.2745522893188888,0.22831794689751697,False,20000,20000,0.4,100,0.9160616953558626,False,0.5774000000092201
4C_stability,1.3,1.0,0.001,2,200,0.001,0.006724361312896637,attractor,0.9466458902230371,1.0163731673263623,0.18983401987764165,False,20000,20000,0.4,230,2.106941899318484,False,0.5813961670501158
4C_stability,1.3,1.0,0.001,3,200,0.01,0.00858252852701438,attractor,0.964204619870066,0.8881877417601415,0.001540051952603074,False,20000,20000,0.4,26,0.23817604079252427,False,0.5826226670178585
4C_stability,1.3,1.0,0.001,4,200,1e-08,0.0018735496116826784,attractor,0.9898863945484253,0.9401753750598221,0.18366390806150504,False,20000,20000,0.4,73,0.6687250376097796,False,0.581598834018223
4C_stability,1.3,1.0,0.01,0,200,0.01,0.006715617257968219,attractor,0.9485566023398806,1.0042993674600316,0.14645040366151876,False,20000,20000,0.4,56,0.5129945493992831,False,0.5795615410315804
4C_stability,1.3,1.0,0.01,1,200,0.01,0.008319085322807047,attractor,0.905928002795493,1.0062536150665489,0.15719228175156608,False,20000,20000,0.4,39,0.3572640611887864,False,0.5810984169947915
4C_stability,1.3,1.0,0.01,2,200,0.01,0.010109686528457442,diverged,2.2496104180621166e+32,nan,nan,False,20000,20000,0.4,92,0.8427767597273936,False,0.5762564589967951
4C_stability,1.3,1.0,0.01,3,200,1e-08,0.011842922511147165,periodic,0.8154145268909762,0.1670517998066855,0.24469500250768142,False,20000,20000,0.4,22,0.20153357297828975,False,0.5879494579858147
4C_stability,1.3,1.0,0.01,4,200,0.0001,0.005115437785534095,attractor,0.9936034829650197,1.021048130192522,0.17182855205777722,False,20000,20000,0.4,72,0.659564420656221,False,0.5832386249676347
